时间 ,浓度 ,TC浓度 ,IC浓度 ,峰面积 ,标识 ,类型 ,初始制冷模块温度 ,初始测量模块温度 ,反应制冷模块温度 ,反应测量模块温度 ,初始值燃烧炉温度 ,初始值上机箱温度 ,初始值下机箱温度 ,反应值燃烧炉温度 ,反应值上机箱温度 ,反应值下机箱温度 ,测量时长 ,加量程校准液浓度 ,量程 ,,
1970-01-01 08:34:48,9.57385,25.9555,16.3816,2.79391,正常N,水样,0,0,0,0,0,0,0,0,0,0,344,80,100,
1970-01-01 09:05:40,1.00423,2.79391,1.78968,2.79391,正常N,水样,0,0,0,0,0,0,0,0,0,0,344,80,100,
1970-01-01 09:26:40,23.5154,25.3794,1.86394,2.7319,正常N,水样,0,0,0,0,0,0,0,0,0,0,344,80,100,
1970-01-01 09:32:40,23.5874,25.3794,1.79201,2.7319,正常N,水样,0,0,0,0,0,0,0,0,0,0,134,80,100,
1970-01-01 09:51:29,364.296,366.1,1.80374,2.79391,超量程T,水样,0,0,0,0,0,0,0,0,0,0,484,80,100,
1970-01-01 09:59:49,364.244,366.1,1.85545,2.79391,超量程T,水样,0,0,0,0,0,0,0,0,0,0,124,80,100,
1970-01-01 10:02:09,364.217,366.1,1.88268,2.79391,超量程T,水样,0,0,0,0,0,0,0,0,0,0,124,80,100,
1970-01-01 10:04:28,364.254,366.1,1.84526,2.79391,超量程T,水样,0,0,0,0,0,0,0,0,0,0,125,80,100,
1970-01-01 10:06:48,364.304,366.1,1.796,2.79391,超量程T,水样,0,0,0,0,0,0,0,0,0,0,124,80,100,
1970-01-01 10:09:08,0.375888,40.5677,187.926,0.980057,正常N,水样,0,0,0,0,0,0,0,0,0,0,124,80,100,
1970-01-01 10:11:28,365.53,366.1,0.569425,2.79391,超量程T,水样,0,0,0,0,0,0,0,0,0,0,124,80,100,
1970-01-01 10:14:44,364.394,366.1,1.70604,2.79391,超量程T,水样,0,0,0,0,0,0,0,0,0,0,484,80,100,
1970-01-01 10:39:55,35.347,36.9304,1.58343,0.937184,正常N,水样,0,0,0,0,0,0,0,0,0,0,484,80,100,
1970-01-01 10:48:41,37.6369,39.2356,1.5987,0.964599,正常N,水样,0,0,0,0,0,0,0,0,0,0,485,80,100,
1970-01-01 10:57:01,37.086,38.7136,1.62763,0.958467,正常N,水样,0,0,0,0,0,0,0,0,0,0,124,80,100,
1970-01-01 10:59:21,37.1003,38.7239,1.62356,0.958587,正常N,水样,0,0,0,0,0,0,0,0,0,0,124,80,100,
1970-01-01 11:01:41,36.9014,38.5316,1.63021,0.956318,正常N,水样,0,0,0,0,0,0,0,0,0,0,124,80,100,
1970-01-01 11:04:00,37.1215,38.8086,1.68707,0.959585,正常N,水样,0,0,0,0,0,0,0,0,0,0,125,80,100,
1970-01-01 08:29:45,8.9211,49.2745,40.3534,1.06061,正常N,水样,0,0,0,0,0,0,0,0,0,0,485,80,100,
1970-01-01 08:38:05,0.437591,36.1123,49.3408,0.916602,正常N,水样,0,0,0,0,0,0,0,0,0,0,125,80,100,
1970-01-01 08:40:25,0.0948247,47.0223,49.8109,1.03756,正常N,水样,0,0,0,0,0,0,0,0,0,0,124,80,100,
1970-01-01 08:42:45,0.160907,47.9395,50.3767,1.04702,正常N,水样,0,0,0,0,0,0,0,0,0,0,124,80,100,
1970-01-01 08:45:05,0.36875,48.4084,50.8749,1.05181,正常N,水样,0,0,0,0,0,0,0,0,0,0,124,80,100,
1970-01-01 08:47:25,0.133332,48.5817,51.2321,1.05358,正常N,水样,0,0,0,0,0,0,0,0,0,0,124,80,100,
1970-01-01 08:49:45,0.265906,49.1782,51.3945,1.05963,正常N,水样,0,0,0,0,0,0,0,0,0,0,124,80,100,
1970-01-01 08:52:05,0.229151,49.1045,51.7154,1.05889,正常N,水样,0,0,0,0,0,0,0,0,0,0,124,80,100,
1970-01-01 08:54:25,0.444212,49.771,49.3268,1.06561,正常N,水样,0,0,0,0,0,0,0,0,0,0,124,80,100,
1970-01-01 08:56:44,0.531497,49.9822,49.4507,1.06773,正常N,水样,0,0,0,0,0,0,0,0,0,0,125,80,100,
1970-01-01 08:59:04,0.495256,50.196,49.7007,1.06987,正常N,水样,0,0,0,0,0,0,0,0,0,0,125,80,100,
1970-01-01 09:01:24,0.936368,50.7512,49.8148,1.07541,正常N,水样,0,0,0,0,0,0,0,0,0,0,125,80,100,
1970-01-01 09:03:44,0.375834,50.4307,50.0548,1.07222,正常N,水样,0,0,0,0,0,0,0,0,0,0,125,80,100,
1970-01-01 09:06:04,0.539122,50.8189,50.2798,1.07609,正常N,水样,0,0,0,0,0,0,0,0,0,0,124,80,100,
1970-01-01 09:08:24,0.562081,50.7692,50.2071,1.07559,正常N,水样,0,0,0,0,0,0,0,0,0,0,124,80,100,
1970-01-01 09:10:44,0.563303,51.1135,50.5502,1.07901,正常N,水样,0,0,0,0,0,0,0,0,0,0,124,80,100,
1970-01-01 09:13:04,0.652165,51.2544,50.6022,1.08041,正常N,水样,0,0,0,0,0,0,0,0,0,0,124,80,100,
1970-01-01 09:15:24,0.645294,51.3344,50.6891,1.0812,正常N,水样,0,0,0,0,0,0,0,0,0,0,124,80,100,
1970-01-01 09:17:44,0.301858,49.12,50.8191,1.05904,正常N,水样,0,0,0,0,0,0,0,0,0,0,124,80,100,
1970-01-01 09:20:04,0.175097,48.9331,50.8988,1.05715,正常N,水样,0,0,0,0,0,0,0,0,0,0,124,80,100,
1970-01-01 09:22:24,1.24235,52.1372,50.8948,1.08911,正常N,水样,0,0,0,0,0,0,0,0,0,0,124,80,100,
1970-01-01 09:24:44,0.726228,51.5347,50.8084,1.08318,正常N,水样,0,0,0,0,0,0,0,0,0,0,124,80,100,
1970-01-01 09:27:04,0.950123,51.7284,50.7782,1.08509,正常N,水样,0,0,0,0,0,0,0,0,0,0,124,80,100,
1970-01-01 09:29:24,1.09926,51.9464,50.8471,1.08723,正常N,水样,0,0,0,0,0,0,0,0,0,0,124,80,100,
1970-01-01 09:31:44,0.89903,51.8306,50.9316,1.08609,正常N,水样,0,0,0,0,0,0,0,0,0,0,124,80,100,
1970-01-01 09:34:04,1.36943,52.3381,50.9686,1.09107,正常N,水样,0,0,0,0,0,0,0,0,0,0,124,80,100,
1970-01-01 09:36:24,0.943988,52.1028,51.1588,1.08877,正常N,水样,0,0,0,0,0,0,0,0,0,0,124,80,100,
1970-01-01 09:38:44,0.246432,49.633,51.3027,1.06422,正常N,水样,0,0,0,0,0,0,0,0,0,0,124,80,100,
1970-01-01 09:41:04,0.45707,49.5466,51.2773,1.06335,正常N,水样,0,0,0,0,0,0,0,0,0,0,124,80,100,
1970-01-01 09:43:23,0.439774,49.995,51.3537,1.06786,正常N,水样,0,0,0,0,0,0,0,0,0,0,125,80,100,
1970-01-01 09:45:43,0.305142,49.6857,51.556,1.06475,正常N,水样,0,0,0,0,0,0,0,0,0,0,125,80,100,
1970-01-01 09:48:03,0.344303,49.6977,51.6259,1.06487,正常N,水样,0,0,0,0,0,0,0,0,0,0,125,80,100,
1970-01-01 09:50:23,0.0679692,50.2613,51.6254,1.07053,正常N,水样,0,0,0,0,0,0,0,0,0,0,124,80,100,
1970-01-01 09:52:43,0.291345,50.3669,51.6468,1.07158,正常N,水样,0,0,0,0,0,0,0,0,0,0,124,80,100,
1970-01-01 09:55:03,0.00782427,50.0654,51.7268,1.06857,正常N,水样,0,0,0,0,0,0,0,0,0,0,124,80,100,
1970-01-01 09:57:23,0.116586,50.5179,51.7316,1.07309,正常N,水样,0,0,0,0,0,0,0,0,0,0,124,80,100,
1970-01-01 09:59:43,0.0658712,50.1694,51.7736,1.06961,正常N,水样,0,0,0,0,0,0,0,0,0,0,124,80,100,
1970-01-01 10:02:03,0.386005,50.5612,51.5179,1.07352,正常N,水样,0,0,0,0,0,0,0,0,0,0,124,80,100,
1970-01-01 10:04:23,34.1851,50.2807,16.0956,1.07072,正常N,水样,0,0,0,0,0,0,0,0,0,0,124,80,100,
1970-01-01 10:06:43,30.2442,31.5072,1.26309,0.85973,正常N,水样,0,0,0,0,0,0,0,0,0,0,124,80,100,
1970-01-01 10:09:03,3.38597,4.0217,0.635729,0.327028,正常N,水样,0,0,0,0,0,0,0,0,0,0,124,80,100,
1970-01-01 10:11:23,0.147954,0.601474,0.453521,1.24489,正常N,水样,0,0,0,0,0,0,0,0,0,0,124,80,100,
1970-01-01 10:13:43,0.045995,0.407051,0.361056,1.03636,正常N,水样,0,0,0,0,0,0,0,0,0,0,124,80,100,
1970-01-01 10:16:03,0.0279741,0.322204,0.29423,0.928631,正常N,水样,0,0,0,0,0,0,0,0,0,0,124,80,100,
1970-01-01 10:18:23,0.0222879,0.268909,0.246622,0.853044,正常N,水样,0,0,0,0,0,0,0,0,0,0,124,80,100,
1970-01-01 10:20:42,0.0187981,0.232627,0.213829,0.79692,正常N,水样,0,0,0,0,0,0,0,0,0,0,125,80,100,
1970-01-01 10:23:02,0.0165694,0.205518,0.188949,0.75188,正常N,水样,0,0,0,0,0,0,0,0,0,0,125,80,100,
1970-01-01 10:25:22,0.0109418,0.18224,0.171298,0.710616,正常N,水样,0,0,0,0,0,0,0,0,0,0,125,80,100,
1970-01-01 10:27:42,0.0102024,0.162438,0.152235,0.673253,正常N,水样,0,0,0,0,0,0,0,0,0,0,125,80,100,
2024-10-12 13:48:54,0.00482743,0.0567427,0.0615701,0.410864,正常N,水样,0,0,0,0,0,0,0,0,0,0,484,80,100,
2024-10-12 13:57:14,0.0051607,0.0549886,0.0601493,0.404851,正常N,水样,0,0,0,0,0,0,0,0,0,0,124,80,100,
2024-10-12 13:59:34,0.00406408,0.053984,0.058048,0.401361,正常N,水样,0,0,0,0,0,0,0,0,0,0,124,80,100,
2024-10-12 14:01:54,0.00367929,0.0535045,0.0571838,0.399683,正常N,水样,0,0,0,0,0,0,0,0,0,0,124,80,100,
2024-10-12 14:04:13,0.00386317,0.0507412,0.0546044,0.389854,正常N,水样,0,0,0,0,0,0,0,0,0,0,125,80,100,
2024-10-12 14:06:33,0.075206,0.0483098,4.84309,0.380968,正常N,水样,0,0,0,0,0,0,0,0,0,0,124,80,100,
2024-10-12 14:08:53,0.192453,3.36446,49.3536,2.79391,正常N,水样,0,0,0,0,0,0,0,0,0,0,124,80,100,
2024-10-12 14:11:13,0.717187,50.8147,50.0975,1.07605,正常N,水样,0,0,0,0,0,0,0,0,0,0,124,80,100,
2024-10-12 14:13:33,1.42336,51.7248,50.3015,1.08505,正常N,水样,0,0,0,0,0,0,0,0,0,0,124,80,100,
2024-10-12 14:15:53,1.3697,51.8312,50.4615,1.0861,正常N,水样,0,0,0,0,0,0,0,0,0,0,124,80,100,
2024-10-12 14:18:12,0.968172,51.3686,50.4004,1.08154,正常N,水样,0,0,0,0,0,0,0,0,0,0,125,80,100,
2024-10-12 14:20:32,41.6744,51.7482,10.0739,1.08528,正常N,水样,0,0,0,0,0,0,0,0,0,0,125,80,100,
2024-10-12 14:22:52,17.303,25.0923,7.78931,0.77257,正常N,水样,0,0,0,0,0,0,0,0,0,0,124,80,100,
2024-10-12 14:25:12,6.35125,6.97193,0.620689,0.423429,正常N,水样,0,0,0,0,0,0,0,0,0,0,124,80,100,
2024-10-12 14:27:32,0.0622994,0.597805,4.84309,1.24132,正常N,水样,0,0,0,0,0,0,0,0,0,0,124,80,100,
2024-10-12 14:29:52,0.0522282,3.36446,49.2596,2.79391,正常N,水样,0,0,0,0,0,0,0,0,0,0,124,80,100,
2024-10-12 14:32:12,0.479484,48.8401,50.6616,1.05621,正常N,水样,0,0,0,0,0,0,0,0,0,0,124,80,100,
2024-10-12 14:34:32,0.882364,51.823,50.9406,1.08602,正常N,水样,0,0,0,0,0,0,0,0,0,0,124,80,100,
2024-10-12 14:36:51,1.00505,52.0933,51.0882,1.08868,正常N,水样,0,0,0,0,0,0,0,0,0,0,125,80,100,
2024-10-12 14:39:11,1.00532,52.3376,51.3322,1.09107,正常N,水样,0,0,0,0,0,0,0,0,0,0,125,80,100,
2024-10-12 14:41:31,1.00106,52.5895,51.5884,1.09353,正常N,水样,0,0,0,0,0,0,0,0,0,0,124,80,100,
2024-10-12 14:43:51,1.02443,52.4169,51.3924,1.09185,正常N,水样,0,0,0,0,0,0,0,0,0,0,124,80,100,
2024-10-12 14:46:11,0.104763,49.8608,51.4635,1.06651,正常N,水样,0,0,0,0,0,0,0,0,0,0,124,80,100,
2024-10-12 14:48:31,0.246208,49.9418,51.8351,1.06733,正常N,水样,0,0,0,0,0,0,0,0,0,0,124,80,100,
2024-10-12 14:50:50,0.402774,49.7897,52.1063,1.0658,正常N,水样,0,0,0,0,0,0,0,0,0,0,125,80,100,
2024-10-12 14:53:10,0.294067,51.3725,52.5938,1.08158,正常N,水样,0,0,0,0,0,0,0,0,0,0,125,80,100,
2024-10-12 14:55:30,0.348338,50.6922,50.3438,1.07483,正常N,水样,0,0,0,0,0,0,0,0,0,0,125,80,100,
2024-10-12 14:57:50,0.204608,50.8921,50.6875,1.07682,正常N,水样,0,0,0,0,0,0,0,0,0,0,125,80,100,
2024-10-12 15:00:10,0.340853,51.162,50.8211,1.07949,正常N,水样,0,0,0,0,0,0,0,0,0,0,125,80,100,
2024-10-12 15:02:30,0.263253,51.5614,51.2981,1.08344,正常N,水样,0,0,0,0,0,0,0,0,0,0,125,80,100,
2024-10-12 15:04:50,0.0389899,51.331,51.37,1.08117,正常N,水样,0,0,0,0,0,0,0,0,0,0,125,80,100,
2024-10-12 15:07:10,0.382999,51.7647,51.3817,1.08545,正常N,水样,0,0,0,0,0,0,0,0,0,0,124,80,100,
2024-10-12 15:09:30,0.147732,51.7171,51.5694,1.08498,正常N,水样,0,0,0,0,0,0,0,0,0,0,124,80,100,
2024-10-12 15:12:30,1.48976,51.1812,49.6915,1.07968,正常N,水样,0,0,0,0,0,0,0,0,0,0,484,80,100,
2024-10-12 15:21:43,10.5781,54.0873,43.5092,1.10805,正常N,水样,0,0,0,0,0,0,0,0,0,0,124,80,100,
2024-10-12 15:24:03,0.142095,22.0654,50.7852,0.727316,正常N,水样,0,0,0,0,0,0,0,0,0,0,124,80,100,
2024-10-12 15:26:23,0.306025,48.7672,50.782,1.05547,正常N,水样,0,0,0,0,0,0,0,0,0,0,124,80,100,
2024-10-12 15:28:43,0.886353,51.2895,50.4032,1.08076,正常N,水样,0,0,0,0,0,0,0,0,0,0,124,80,100,
2024-10-12 15:31:03,1.02297,51.3214,50.2984,1.08107,正常N,水样,0,0,0,0,0,0,0,0,0,0,124,80,100,
2024-10-12 15:33:22,1.01964,51.1477,50.1281,1.07935,正常N,水样,0,0,0,0,0,0,0,0,0,0,125,80,100,
2024-10-12 15:35:42,0.631842,50.9214,50.2896,1.07711,正常N,水样,0,0,0,0,0,0,0,0,0,0,125,80,100,
2024-10-12 15:38:02,0.569186,51.3122,50.743,1.08098,正常N,水样,0,0,0,0,0,0,0,0,0,0,125,80,100,
2024-10-12 15:40:22,0.715597,51.2811,50.5655,1.08067,正常N,水样,0,0,0,0,0,0,0,0,0,0,125,80,100,
2024-10-12 15:42:42,1.28533,51.7702,50.4849,1.0855,正常N,水样,0,0,0,0,0,0,0,0,0,0,125,80,100,
2024-10-12 15:45:02,0.819137,51.3407,50.5216,1.08126,正常N,水样,0,0,0,0,0,0,0,0,0,0,125,80,100,
2024-10-12 15:47:22,0.673315,51.4849,50.8116,1.08269,正常N,水样,0,0,0,0,0,0,0,0,0,0,125,80,100,
2024-10-12 16:17:51,1.57471,50.538,48.9633,1.07329,正常N,水样,0,0,0,0,0,0,0,0,0,0,485,80,100,
2024-10-12 16:26:11,0.40329,50.8453,52.2708,1.07635,正常N,水样,0,0,0,0,0,0,0,0,0,0,124,80,100,
2024-10-12 16:29:38,10.6371,54.2637,43.6267,1.10974,正常N,水样,0,0,0,0,0,0,0,0,0,0,124,80,100,
2024-10-12 16:31:58,0.189304,43.392,52.4195,0.999147,正常N,水样,0,0,0,0,0,0,0,0,0,0,124,80,100,
2024-10-12 16:34:18,0.375888,50.3209,53.0134,1.07112,正常N,水样,0,0,0,0,0,0,0,0,0,0,124,80,100,
2024-10-12 16:36:38,0.383251,51.5748,52.7668,1.08357,正常N,水样,0,0,0,0,0,0,0,0,0,0,124,80,100,
2024-10-12 16:38:57,0.437591,51.2314,52.7426,1.08018,正常N,水样,0,0,0,0,0,0,0,0,0,0,125,80,100,
2024-10-12 16:41:17,0.0948247,51.4436,52.4917,1.08228,正常N,水样,0,0,0,0,0,0,0,0,0,0,124,80,100,
2024-10-12 16:43:37,0.160907,50.9538,52.5474,1.07743,正常N,水样,0,0,0,0,0,0,0,0,0,0,124,80,100,
2024-10-12 16:45:57,0.36875,51.5494,52.9948,1.08332,正常N,水样,0,0,0,0,0,0,0,0,0,0,124,80,100,
2024-10-12 16:48:17,0.133332,51.3085,52.8687,1.08094,正常N,水样,0,0,0,0,0,0,0,0,0,0,124,80,100,
2024-10-12 16:50:37,0.265906,51.6935,52.6427,1.08474,正常N,水样,0,0,0,0,0,0,0,0,0,0,124,80,100,
2024-10-12 16:53:55,10.8515,55.8877,45.0363,1.12522,正常N,水样,0,0,0,0,0,0,0,0,0,0,125,80,100,
2024-10-12 16:56:15,0.229151,39.0983,52.5412,0.95144,正常N,水样,0,0,0,0,0,0,0,0,0,0,125,80,100,
2024-10-12 16:58:35,0.301858,50.4118,53.0284,1.07203,正常N,水样,0,0,0,0,0,0,0,0,0,0,124,80,100,
2024-10-12 17:00:55,0.175097,51.6444,53.2391,1.08426,正常N,水样,0,0,0,0,0,0,0,0,0,0,124,80,100,
2024-10-12 17:03:15,0.246432,51.8666,53.0904,1.08645,正常N,水样,0,0,0,0,0,0,0,0,0,0,124,80,100,
2024-10-12 17:05:35,0.45707,51.5186,53.2009,1.08302,正常N,水样,0,0,0,0,0,0,0,0,0,0,124,80,100,
2024-10-12 17:07:55,1.08552,54.2193,53.1338,1.10932,正常N,水样,0,0,0,0,0,0,0,0,0,0,124,80,100,
2024-10-12 17:10:15,0.805076,54.2678,53.4627,1.10978,正常N,水样,0,0,0,0,0,0,0,0,0,0,124,80,100,
2024-10-12 17:12:35,0.439774,52.2687,53.4296,1.0904,正常N,水样,0,0,0,0,0,0,0,0,0,0,124,80,100,
2024-10-12 17:14:55,0.305142,51.8706,53.5985,1.08649,正常N,水样,0,0,0,0,0,0,0,0,0,0,124,80,100,
2024-10-12 17:18:15,12.2587,54.4443,42.1856,1.11148,正常N,水样,0,0,0,0,0,0,0,0,0,0,124,80,100,
2024-10-12 17:20:35,0.344303,27.7194,53.3186,0.809548,正常N,水样,0,0,0,0,0,0,0,0,0,0,124,80,100,
2024-10-12 17:22:55,0.0679692,50.0525,53.4298,1.06844,正常N,水样,0,0,0,0,0,0,0,0,0,0,124,80,100,
2024-10-12 17:25:15,0.291345,51.7236,53.5257,1.08504,正常N,水样,0,0,0,0,0,0,0,0,0,0,124,80,100,
2024-10-12 17:27:35,0.00782427,51.764,53.2579,1.08544,正常N,水样,0,0,0,0,0,0,0,0,0,0,124,80,100,
2024-10-12 17:29:55,0.116586,51.9416,53.3864,1.08719,正常N,水样,0,0,0,0,0,0,0,0,0,0,124,80,100,
2024-10-12 17:32:15,0.0658712,51.6132,52.9467,1.08395,正常N,水样,0,0,0,0,0,0,0,0,0,0,124,80,100,
2024-10-12 17:34:35,0.386005,51.6013,53.1538,1.08384,正常N,水样,0,0,0,0,0,0,0,0,0,0,124,80,100,
2024-10-12 17:36:54,0.99449,54.1478,53.1533,1.10863,正常N,水样,0,0,0,0,0,0,0,0,0,0,125,80,100,
2024-10-12 17:39:14,1.24445,53.967,52.7226,1.10689,正常N,水样,0,0,0,0,0,0,0,0,0,0,125,80,100,
2024-10-12 17:42:33,0.075206,52.6602,53.6727,1.09422,正常N,水样,0,0,0,0,0,0,0,0,0,0,124,80,100,
2024-10-12 17:44:53,0.192453,51.8047,52.9597,1.08584,正常N,水样,0,0,0,0,0,0,0,0,0,0,124,80,100,
2024-10-12 17:47:12,0.0622994,50.6139,53.0362,1.07405,正常N,水样,0,0,0,0,0,0,0,0,0,0,125,80,100,
2024-10-12 17:49:32,4.33785,51.5222,47.1844,1.08306,正常N,水样,0,0,0,0,0,0,0,0,0,0,125,80,100,
2024-10-12 17:51:52,36.9786,51.4301,14.4515,1.08215,正常N,水样,0,0,0,0,0,0,0,0,0,0,124,80,100,
2024-10-12 17:54:12,29.1289,33.972,4.84309,0.89068,正常N,水样,0,0,0,0,0,0,0,0,0,0,124,80,100,
2024-10-12 17:56:32,0.0522282,4.05911,51.8123,0.328453,正常N,水样,0,0,0,0,0,0,0,0,0,0,124,80,100,
2024-10-12 17:58:52,0.479484,47.9008,52.7762,1.04662,正常N,水样,0,0,0,0,0,0,0,0,0,0,124,80,100,
2024-10-12 18:01:12,0.104763,51.2896,53.5279,1.08076,正常N,水样,0,0,0,0,0,0,0,0,0,0,124,80,100,
2024-10-12 18:03:31,0.246208,52.0144,53.2749,1.0879,正常N,水样,0,0,0,0,0,0,0,0,0,0,125,80,100,
2024-10-12 18:06:52,0.402774,53.3011,54.1202,1.10046,正常N,水样,0,0,0,0,0,0,0,0,0,0,124,80,100,
2024-10-12 18:09:11,0.294067,52.2239,53.4771,1.08996,正常N,水样,0,0,0,0,0,0,0,0,0,0,125,80,100,
2024-10-12 18:11:31,0.142095,50.8938,53.349,1.07683,正常N,水样,0,0,0,0,0,0,0,0,0,0,124,80,100,
2024-10-12 18:13:51,0.306025,51.7795,53.4531,1.08559,正常N,水样,0,0,0,0,0,0,0,0,0,0,124,80,100,
2024-10-12 18:16:11,0.251658,51.8587,53.6132,1.08637,正常N,水样,0,0,0,0,0,0,0,0,0,0,124,80,100,
2024-10-12 18:18:31,0.23692,51.9227,53.376,1.087,正常N,水样,0,0,0,0,0,0,0,0,0,0,124,80,100,
2024-10-12 18:20:51,0.466932,51.6161,53.4331,1.08398,正常N,水样,0,0,0,0,0,0,0,0,0,0,124,80,100,
2024-10-12 18:23:10,0.140408,51.8782,53.6257,1.08656,正常N,水样,0,0,0,0,0,0,0,0,0,0,125,80,100,
2024-10-12 18:25:30,0.370252,51.3693,53.2242,1.08154,正常N,水样,0,0,0,0,0,0,0,0,0,0,125,80,100,
2024-10-12 18:27:50,0.252838,51.9276,53.2011,1.08705,正常N,水样,0,0,0,0,0,0,0,0,0,0,124,80,100,
2024-10-12 18:31:08,0.369559,53.2446,53.8592,1.09991,正常N,水样,0,0,0,0,0,0,0,0,0,0,125,80,100,
2024-10-12 18:33:28,0.19211,51.8908,53.7858,1.08669,正常N,水样,0,0,0,0,0,0,0,0,0,0,125,80,100,
2024-10-12 18:35:48,0.427934,51.1315,53.8414,1.07919,正常N,水样,0,0,0,0,0,0,0,0,0,0,125,80,100,
2024-10-12 18:38:08,0.401323,51.7306,51.3293,1.08511,正常N,水样,0,0,0,0,0,0,0,0,0,0,124,80,100,
2024-10-12 18:40:28,0.478985,52.0565,51.5775,1.08831,正常N,水样,0,0,0,0,0,0,0,0,0,0,124,80,100,
2024-10-12 18:42:48,0.135991,51.5701,53.5368,1.08353,正常N,水样,0,0,0,0,0,0,0,0,0,0,124,80,100,
2024-10-12 18:45:08,0.16918,51.6994,53.6438,1.0848,正常N,水样,0,0,0,0,0,0,0,0,0,0,124,80,100,
2024-10-12 18:47:28,0.387708,51.2272,53.1571,1.08014,正常N,水样,0,0,0,0,0,0,0,0,0,0,124,80,100,
2024-10-12 18:49:47,0.441133,51.6966,53.2174,1.08478,正常N,水样,0,0,0,0,0,0,0,0,0,0,125,80,100,
2024-10-12 18:52:07,0.0334825,51.2782,52.9479,1.08064,正常N,水样,0,0,0,0,0,0,0,0,0,0,125,80,100,
2024-10-12 18:55:28,0.455677,52.9034,53.5034,1.09659,正常N,水样,0,0,0,0,0,0,0,0,0,0,124,80,100,
2024-10-12 18:57:47,0.812495,53.627,52.8146,1.10361,正常N,水样,0,0,0,0,0,0,0,0,0,0,124,80,100,
2024-10-12 19:00:07,0.153943,52.7648,52.9187,1.09524,正常N,水样,0,0,0,0,0,0,0,0,0,0,124,80,100,
2024-10-12 19:02:27,0.775663,53.3672,52.5915,1.1011,正常N,水样,0,0,0,0,0,0,0,0,0,0,124,80,100,
2024-10-12 19:04:47,0.817839,53.6035,52.7857,1.10338,正常N,水样,0,0,0,0,0,0,0,0,0,0,124,80,100,
2024-10-12 19:07:07,0.568699,53.4208,52.8521,1.10162,正常N,水样,0,0,0,0,0,0,0,0,0,0,124,80,100,
2024-10-12 19:09:27,1.09011,53.8434,52.7533,1.1057,正常N,水样,0,0,0,0,0,0,0,0,0,0,124,80,100,
2024-10-12 19:11:46,0.473179,53.4831,53.0099,1.10222,正常N,水样,0,0,0,0,0,0,0,0,0,0,125,80,100,
2024-10-12 19:14:06,1.07183,53.8649,52.7931,1.10591,正常N,水样,0,0,0,0,0,0,0,0,0,0,124,80,100,
2024-10-12 19:16:26,0.692407,53.4635,52.771,1.10203,正常N,水样,0,0,0,0,0,0,0,0,0,0,124,80,100,
2024-10-12 19:19:44,0.252478,52.4649,53.4236,1.09232,正常N,水样,0,0,0,0,0,0,0,0,0,0,125,80,100,
2024-10-12 19:22:04,0.64459,53.7421,53.0975,1.10472,正常N,水样,0,0,0,0,0,0,0,0,0,0,124,80,100,
2024-10-12 19:24:24,0.323741,53.349,53.0252,1.10092,正常N,水样,0,0,0,0,0,0,0,0,0,0,124,80,100,
2024-10-12 19:26:44,4.37897,53.5448,49.1659,1.10282,正常N,水样,0,0,0,0,0,0,0,0,0,0,124,80,100,
2024-10-12 19:29:04,15.4956,53.888,38.3924,1.10613,正常N,水样,0,0,0,0,0,0,0,0,0,0,124,80,100,
2024-10-12 19:31:24,0.0413068,24.2261,52.0446,0.759931,正常N,水样,0,0,0,0,0,0,0,0,0,0,124,80,100,
2024-10-12 19:33:44,0.0922626,51.0417,52.7063,1.0783,正常N,水样,0,0,0,0,0,0,0,0,0,0,124,80,100,
2024-10-12 19:36:04,0.893559,53.6519,52.7583,1.10385,正常N,水样,0,0,0,0,0,0,0,0,0,0,124,80,100,
2024-10-12 19:38:24,0.818643,53.3507,52.532,1.10094,正常N,水样,0,0,0,0,0,0,0,0,0,0,124,80,100,
2024-10-12 19:40:44,0.981302,53.6919,52.7106,1.10424,正常N,水样,0,0,0,0,0,0,0,0,0,0,124,80,100,
2024-10-14 08:41:50,1.22462,53.456,52.2313,1.10196,正常N,水样,0,0,0,0,0,0,0,0,0,0,484,80,100,
2024-10-14 08:50:10,0.318349,53.6351,55.7322,1.10369,正常N,水样,0,0,0,0,0,0,0,0,0,0,124,80,100,
2024-10-14 08:52:29,0.427312,53.5962,55.9359,1.10331,正常N,水样,0,0,0,0,0,0,0,0,0,0,125,80,100,
2024-10-14 08:54:49,0.167469,53.8555,56.4314,1.10582,正常N,水样,0,0,0,0,0,0,0,0,0,0,125,80,100,
2024-10-14 08:57:09,0.0308022,53.7362,56.6504,1.10466,正常N,水样,0,0,0,0,0,0,0,0,0,0,124,80,100,
2024-10-14 08:59:29,0.00961106,54.3432,56.6257,1.11051,正常N,水样,0,0,0,0,0,0,0,0,0,0,124,80,100,
2024-10-14 09:01:49,0.219697,54.3993,57.0558,1.11104,正常N,水样,0,0,0,0,0,0,0,0,0,0,124,80,100,
2024-10-14 09:04:09,0.030286,54.07,56.7945,1.10788,正常N,水样,0,0,0,0,0,0,0,0,0,0,124,80,100,
2024-10-14 09:07:29,0.0669551,55.3366,55.2696,1.11999,正常N,水样,0,0,0,0,0,0,0,0,0,0,124,80,100,
2024-10-14 09:09:49,0.0266221,54.916,54.9426,1.11599,正常N,水样,0,0,0,0,0,0,0,0,0,0,124,80,100,
2024-10-14 09:12:09,0.114374,53.6209,55.0775,1.10355,正常N,水样,0,0,0,0,0,0,0,0,0,0,124,80,100,
2024-10-14 09:14:29,0.465904,54.2184,57.229,1.10931,正常N,水样,0,0,0,0,0,0,0,0,0,0,124,80,100,
2024-10-14 09:16:49,0.43306,54.473,57.1387,1.11175,正常N,水样,0,0,0,0,0,0,0,0,0,0,124,80,100,
2024-10-14 09:19:08,0.408441,54.1719,57.1675,1.10886,正常N,水样,0,0,0,0,0,0,0,0,0,0,125,80,100,
2024-10-14 09:21:28,0.128,54.3214,56.7517,1.1103,正常N,水样,0,0,0,0,0,0,0,0,0,0,125,80,100,
2024-10-14 09:23:48,0.259085,54.2242,57.2437,1.10936,正常N,水样,0,0,0,0,0,0,0,0,0,0,125,80,100,
2024-10-14 09:26:08,0.180099,54.1657,56.9342,1.1088,正常N,水样,0,0,0,0,0,0,0,0,0,0,124,80,100,
2024-10-14 09:29:29,0.364919,55.8379,57.1106,1.12475,正常N,水样,0,0,0,0,0,0,0,0,0,0,124,80,100,
2024-10-14 13:45:54,0.40329,4.50481,40.9987,0.34492,正常N,水样,0,0,0,0,0,0,0,0,0,0,485,80,100,
2024-10-14 13:54:15,0.189304,27.5951,56.2122,0.807842,正常N,水样,0,0,0,0,0,0,0,0,0,0,124,80,100,
2024-10-14 13:56:35,0.375888,51.4808,57.1739,1.08265,正常N,水样,0,0,0,0,0,0,0,0,0,0,124,80,100,
2024-10-14 13:58:54,0.383251,54.719,57.4098,1.11411,正常N,水样,0,0,0,0,0,0,0,0,0,0,125,80,100,
2024-10-14 14:01:14,0.437591,54.557,57.7204,1.11256,正常N,水样,0,0,0,0,0,0,0,0,0,0,125,80,100,
2024-10-14 14:03:34,0.0948247,54.8076,57.7887,1.11495,正常N,水样,0,0,0,0,0,0,0,0,0,0,124,80,100,
2024-10-14 14:05:54,0.160907,54.6796,57.7023,1.11373,正常N,水样,0,0,0,0,0,0,0,0,0,0,124,80,100,
2024-10-14 14:08:14,0.36875,54.8529,58.133,1.11539,正常N,水样,0,0,0,0,0,0,0,0,0,0,124,80,100,
2024-10-14 14:10:34,0.133332,54.7792,57.7633,1.11468,正常N,水样,0,0,0,0,0,0,0,0,0,0,124,80,100,
2024-10-14 14:12:54,0.265906,54.947,58.1412,1.11628,正常N,水样,0,0,0,0,0,0,0,0,0,0,124,80,100,
2024-10-14 14:15:14,0.229151,54.9346,58.3429,1.11617,正常N,水样,0,0,0,0,0,0,0,0,0,0,124,80,100,
2024-10-14 14:17:33,0.301858,55.0255,58.0124,1.11703,正常N,水样,0,0,0,0,0,0,0,0,0,0,125,80,100,
2024-10-14 14:19:53,0.175097,54.9407,58.2,1.11622,正常N,水样,0,0,0,0,0,0,0,0,0,0,125,80,100,
2024-10-14 14:22:13,0.246432,54.8437,58.2865,1.1153,正常N,水样,0,0,0,0,0,0,0,0,0,0,124,80,100,
2024-10-14 14:24:33,0.45707,55.0305,58.2154,1.11708,正常N,水样,0,0,0,0,0,0,0,0,0,0,124,80,100,
2024-10-14 14:26:53,0.439774,55.0464,58.5516,1.11723,正常N,水样,0,0,0,0,0,0,0,0,0,0,124,80,100,
2024-10-14 14:29:13,0.305142,55.1747,58.5086,1.11845,正常N,水样,0,0,0,0,0,0,0,0,0,0,124,80,100,
2024-10-14 14:31:33,0.344303,55.1071,58.4365,1.11781,正常N,水样,0,0,0,0,0,0,0,0,0,0,124,80,100,
2024-10-14 14:33:53,0.0679692,55.1856,58.7821,1.11856,正常N,水样,0,0,0,0,0,0,0,0,0,0,124,80,100,
2024-10-14 14:36:12,0.382562,57.8061,58.1886,1.14319,正常N,水样,0,0,0,0,0,0,0,0,0,0,125,80,100,
2024-10-14 14:38:32,0.291345,57.8348,58.7526,1.14346,正常N,水样,0,0,0,0,0,0,0,0,0,0,124,80,100,
2024-10-14 14:40:52,0.00782427,57.7944,58.6149,1.14308,正常N,水样,0,0,0,0,0,0,0,0,0,0,124,80,100,
2024-10-14 14:43:12,0.116586,57.8527,58.4814,1.14362,正常N,水样,0,0,0,0,0,0,0,0,0,0,124,80,100,
2024-10-14 14:45:32,0.0658712,57.6916,58.7168,1.14213,正常N,水样,0,0,0,0,0,0,0,0,0,0,124,80,100,
2024-10-14 14:48:57,1.81789,59.7474,57.9295,1.16106,正常N,水样,0,0,0,0,0,0,0,0,0,0,124,80,100,
2024-10-14 14:51:16,0.0418752,57.5654,57.5235,1.14095,正常N,水样,0,0,0,0,0,0,0,0,0,0,125,80,100,
2024-10-14 14:53:36,0.386005,56.6455,57.9596,1.13235,正常N,水样,0,0,0,0,0,0,0,0,0,0,124,80,100,
2024-10-14 14:55:56,0.0131316,57.6013,57.5881,1.14129,正常N,水样,0,0,0,0,0,0,0,0,0,0,124,80,100,
2024-10-14 14:58:16,0.0541172,58.0086,58.0627,1.14507,正常N,水样,0,0,0,0,0,0,0,0,0,0,124,80,100,
2024-10-14 17:00:47,10.1424,10.3298,0.187477,0.509274,正常N,水样,0,0,0,0,0,0,0,0,0,0,485,80,100,
2024-10-14 17:09:10,7.64763,7.83766,0.190026,0.447352,正常N,水样,0,0,0,0,0,0,0,0,0,0,124,80,100,
2024-10-14 17:11:32,8.96964,9.15821,0.18857,0.481285,正常N,水样,0,0,0,0,0,0,0,0,0,0,124,80,100,
2024-10-14 17:13:53,10.6791,10.867,0.187823,0.521541,正常N,水样,0,0,0,0,0,0,0,0,0,0,125,80,100,
2024-10-14 17:16:15,12.5832,12.7705,0.187241,0.562605,正常N,水样,0,0,0,0,0,0,0,0,0,0,125,80,100,
2024-10-14 17:18:37,12.2833,12.4712,0.187853,0.556375,正常N,水样,0,0,0,0,0,0,0,0,0,0,125,80,100,
2024-10-15 13:57:35,9.97039,10.1462,0.175782,0.505002,正常N,水样,0,0,0,0,0,0,0,0,0,0,484,80,100,
2024-10-15 14:05:57,17.637,17.8166,0.179662,0.657823,正常N,水样,0,0,0,0,0,0,0,0,0,0,124,80,100,
2024-10-15 14:08:19,19.895,20.076,0.180997,0.695755,正常N,水样,0,0,0,0,0,0,0,0,0,0,124,80,100,
2024-10-15 14:10:41,17.674,17.8567,0.182684,0.658517,正常N,水样,0,0,0,0,0,0,0,0,0,0,124,80,100,
2024-10-15 14:13:03,18.2863,18.4703,0.184047,0.669048,正常N,水样,0,0,0,0,0,0,0,0,0,0,124,80,100,
2024-10-15 14:15:24,17.5887,17.7741,0.185448,0.657085,正常N,水样,0,0,0,0,0,0,0,0,0,0,124,80,100,
2024-10-15 14:17:46,17.5491,17.733,0.183937,0.656372,正常N,水样,0,0,0,0,0,0,0,0,0,0,124,80,100,
2024-10-15 14:20:08,17.6545,17.8403,0.185722,0.658232,正常N,水样,0,0,0,0,0,0,0,0,0,0,124,80,100,
2024-10-15 14:22:30,17.6111,17.7964,0.18534,0.657472,正常N,水样,0,0,0,0,0,0,0,0,0,0,124,80,100,
2024-10-15 14:24:52,17.549,17.7348,0.18577,0.656402,正常N,水样,0,0,0,0,0,0,0,0,0,0,124,80,100,
2024-10-15 14:28:55,4.19037,4.40068,0.210315,0.341153,正常N,水样,0,0,0,0,0,0,0,0,0,0,484,80,100,
2024-10-15 14:37:17,4.26038,4.47644,0.216066,0.343898,正常N,水样,0,0,0,0,0,0,0,0,0,0,124,80,100,
2024-10-15 14:39:39,4.25193,4.46539,0.213461,0.343499,正常N,水样,0,0,0,0,0,0,0,0,0,0,124,80,100,
2024-10-15 14:42:01,4.21111,4.42456,0.213452,0.342021,正常N,水样,0,0,0,0,0,0,0,0,0,0,124,80,100,
2024-10-15 14:44:23,4.2145,4.42687,0.212373,0.342105,正常N,水样,0,0,0,0,0,0,0,0,0,0,124,80,100,
2024-10-15 14:46:45,4.15466,4.3663,0.211637,0.339898,正常N,水样,0,0,0,0,0,0,0,0,0,0,124,80,100,
2024-10-15 14:49:07,4.36566,4.57849,0.212834,0.347557,正常N,水样,0,0,0,0,0,0,0,0,0,0,124,80,100,
2024-10-15 14:51:29,4.14911,4.36383,0.21472,0.339808,正常N,水样,0,0,0,0,0,0,0,0,0,0,124,80,100,
2024-10-15 14:53:51,4.34956,4.56229,0.212733,0.346979,正常N,水样,0,0,0,0,0,0,0,0,0,0,124,80,100,
2024-10-15 14:56:12,4.13389,4.34756,0.213663,0.339213,正常N,水样,0,0,0,0,0,0,0,0,0,0,125,80,100,
2024-10-15 14:58:34,4.12422,4.33755,0.213329,0.338846,正常N,水样,0,0,0,0,0,0,0,0,0,0,124,80,100,
2024-10-15 15:00:56,4.1247,4.33873,0.214031,0.338889,正常N,水样,0,0,0,0,0,0,0,0,0,0,124,80,100,
2024-10-15 15:03:18,4.33084,4.54569,0.214856,0.346386,正常N,水样,0,0,0,0,0,0,0,0,0,0,124,80,100,
2024-10-15 15:05:40,4.33835,4.55311,0.214757,0.346651,正常N,水样,0,0,0,0,0,0,0,0,0,0,124,80,100,
2024-10-15 15:09:07,4.31966,4.54489,0.225234,0.346357,正常N,水样,0,0,0,0,0,0,0,0,0,0,124,80,100,
2024-10-15 15:11:29,4.12823,4.34592,0.217687,0.339153,正常N,水样,0,0,0,0,0,0,0,0,0,0,124,80,100,
2024-10-15 15:13:51,4.44102,4.66025,0.21923,0.350458,正常N,水样,0,0,0,0,0,0,0,0,0,0,124,80,100,
2024-10-15 15:16:13,4.1433,4.35894,0.215639,0.339629,正常N,水样,0,0,0,0,0,0,0,0,0,0,124,80,100,
2024-10-15 15:18:35,4.11079,4.32589,0.215099,0.338418,正常N,水样,0,0,0,0,0,0,0,0,0,0,124,80,100,
2024-10-15 15:20:57,4.30231,4.5172,0.214889,0.345364,正常N,水样,0,0,0,0,0,0,0,0,0,0,124,80,100,
2024-10-15 15:23:19,4.29918,4.51405,0.214868,0.345252,正常N,水样,0,0,0,0,0,0,0,0,0,0,124,80,100,
2024-10-15 15:25:40,4.28486,4.49964,0.214781,0.344734,正常N,水样,0,0,0,0,0,0,0,0,0,0,125,80,100,
2024-10-15 15:28:02,4.28318,4.49633,0.213146,0.344614,正常N,水样,0,0,0,0,0,0,0,0,0,0,124,80,100,
2024-10-15 15:30:24,4.2816,4.49543,0.213832,0.344582,正常N,水样,0,0,0,0,0,0,0,0,0,0,124,80,100,
2024-10-15 15:32:46,4.29627,4.5117,0.215431,0.345167,正常N,水样,0,0,0,0,0,0,0,0,0,0,124,80,100,
2024-10-15 15:35:08,4.30271,4.51822,0.21551,0.345401,正常N,水样,0,0,0,0,0,0,0,0,0,0,124,80,100,
2024-10-15 15:37:30,4.30645,4.52286,0.216409,0.345568,正常N,水样,0,0,0,0,0,0,0,0,0,0,124,80,100,
2024-10-15 15:39:52,4.30688,4.5245,0.217629,0.345627,正常N,水样,0,0,0,0,0,0,0,0,0,0,124,80,100,
2024-10-15 15:42:14,4.30314,4.5197,0.216564,0.345455,正常N,水样,0,0,0,0,0,0,0,0,0,0,124,80,100,
2024-10-15 15:44:36,4.3022,4.51854,0.216336,0.345413,正常N,水样,0,0,0,0,0,0,0,0,0,0,124,80,100,
2024-10-15 15:46:58,4.29269,4.50794,0.215249,0.345032,正常N,水样,0,0,0,0,0,0,0,0,0,0,124,80,100,
2024-10-15 15:49:20,4.28772,4.50506,0.217342,0.344929,正常N,水样,0,0,0,0,0,0,0,0,0,0,124,80,100,
2024-10-15 15:51:42,4.25866,4.47259,0.213929,0.343759,正常N,水样,0,0,0,0,0,0,0,0,0,0,124,80,100,
2024-10-15 15:54:04,4.24773,4.46074,0.213014,0.343331,正常N,水样,0,0,0,0,0,0,0,0,0,0,124,80,100,
2024-10-15 15:56:26,4.24551,4.45764,0.212134,0.343219,正常N,水样,0,0,0,0,0,0,0,0,0,0,124,80,100,
2024-10-15 15:58:48,4.24089,4.45475,0.213862,0.343114,正常N,水样,0,0,0,0,0,0,0,0,0,0,124,80,100,
2024-10-15 16:01:10,4.25227,4.46594,0.213663,0.343519,正常N,水样,0,0,0,0,0,0,0,0,0,0,124,80,100,
2024-10-15 16:03:32,4.26517,4.47863,0.213466,0.343977,正常N,水样,0,0,0,0,0,0,0,0,0,0,124,80,100,
2024-10-15 16:05:54,4.26678,4.48081,0.214035,0.344055,正常N,水样,0,0,0,0,0,0,0,0,0,0,124,80,100,
2024-10-15 16:08:16,4.26476,4.47787,0.213115,0.34395,正常N,水样,0,0,0,0,0,0,0,0,0,0,124,80,100,
2024-10-15 16:10:38,4.28037,4.49498,0.214614,0.344566,正常N,水样,0,0,0,0,0,0,0,0,0,0,124,80,100,
2024-10-15 16:13:00,4.28714,4.50254,0.215393,0.344838,正常N,水样,0,0,0,0,0,0,0,0,0,0,124,80,100,
2024-10-15 16:15:22,4.28213,4.49699,0.214864,0.344638,正常N,水样,0,0,0,0,0,0,0,0,0,0,124,80,100,
2024-10-15 16:17:44,4.27123,4.48845,0.217225,0.344331,正常N,水样,0,0,0,0,0,0,0,0,0,0,124,80,100,
2024-10-15 16:20:06,4.25803,4.47393,0.215904,0.343807,正常N,水样,0,0,0,0,0,0,0,0,0,0,124,80,100,
2024-10-15 16:22:28,4.26492,4.48144,0.216523,0.344078,正常N,水样,0,0,0,0,0,0,0,0,0,0,125,80,100,
2024-10-15 16:24:50,4.27189,4.48909,0.217194,0.344354,正常N,水样,0,0,0,0,0,0,0,0,0,0,125,80,100,
2024-10-15 16:27:12,4.29835,4.51809,0.219742,0.345397,正常N,水样,0,0,0,0,0,0,0,0,0,0,125,80,100,
2024-10-15 16:31:26,4.0529,4.25764,0.204742,0.3359,正常N,水样,0,0,0,0,0,0,0,0,0,0,484,80,100,
2024-10-15 16:39:48,4.15293,4.3703,0.217372,0.340045,正常N,水样,0,0,0,0,0,0,0,0,0,0,124,80,100,
2024-10-15 16:42:10,4.18597,4.40442,0.218448,0.341289,正常N,水样,0,0,0,0,0,0,0,0,0,0,124,80,100,
2024-10-15 16:44:32,4.13979,4.35794,0.218152,0.339593,正常N,水样,0,0,0,0,0,0,0,0,0,0,124,80,100,
2024-10-15 16:46:54,4.38519,4.60301,0.217826,0.34843,正常N,水样,0,0,0,0,0,0,0,0,0,0,124,80,100,
2024-10-15 16:49:16,4.36373,4.58345,0.219723,0.347734,正常N,水样,0,0,0,0,0,0,0,0,0,0,124,80,100,
2024-10-15 16:51:38,4.37204,4.59349,0.221448,0.348091,正常N,水样,0,0,0,0,0,0,0,0,0,0,124,80,100,
2024-10-15 16:54:00,4.37367,4.59747,0.223796,0.348233,正常N,水样,0,0,0,0,0,0,0,0,0,0,124,80,100,
2024-10-15 16:56:22,4.37411,4.59559,0.221477,0.348166,正常N,水样,0,0,0,0,0,0,0,0,0,0,124,80,100,
2024-10-15 16:58:44,4.18085,4.40224,0.221386,0.341209,正常N,水样,0,0,0,0,0,0,0,0,0,0,124,80,100,
2024-10-15 17:01:06,4.17035,4.39139,0.221043,0.340814,正常N,水样,0,0,0,0,0,0,0,0,0,0,124,80,100,
2024-10-15 17:03:28,4.16474,4.38586,0.221122,0.340613,正常N,水样,0,0,0,0,0,0,0,0,0,0,124,80,100,
2024-10-15 17:05:50,4.1561,4.37612,0.220029,0.340257,正常N,水样,0,0,0,0,0,0,0,0,0,0,124,80,100,
2024-10-15 17:08:12,4.14583,4.36593,0.220101,0.339885,正常N,水样,0,0,0,0,0,0,0,0,0,0,124,80,100,
2024-10-15 17:10:34,4.26532,4.48507,0.219741,0.344209,正常N,水样,0,0,0,0,0,0,0,0,0,0,124,80,100,
2024-10-15 17:12:56,4.31378,4.53456,0.220786,0.345987,正常N,水样,0,0,0,0,0,0,0,0,0,0,124,80,100,
2024-10-15 17:15:18,4.31677,4.53843,0.221656,0.346126,正常N,水样,0,0,0,0,0,0,0,0,0,0,124,80,100,
2024-10-15 17:17:40,4.32939,4.55262,0.223229,0.346633,正常N,水样,0,0,0,0,0,0,0,0,0,0,125,80,100,
2024-10-15 17:21:07,4.46374,4.69983,0.236082,0.351852,正常N,水样,0,0,0,0,0,0,0,0,0,0,124,80,100,
2024-10-15 17:24:34,4.43756,4.67097,0.233414,0.350836,正常N,水样,0,0,0,0,0,0,0,0,0,0,124,80,100,
2024-10-15 17:26:56,4.11365,4.33895,0.225291,0.338897,正常N,水样,0,0,0,0,0,0,0,0,0,0,124,80,100,
2024-10-15 17:29:18,4.215,4.43762,0.222612,0.342494,正常N,水样,0,0,0,0,0,0,0,0,0,0,124,80,100,
2024-10-15 17:31:40,4.16459,4.38744,0.222847,0.34067,正常N,水样,0,0,0,0,0,0,0,0,0,0,124,80,100,
2024-10-15 17:34:02,4.16083,4.38397,0.223141,0.340544,正常N,水样,0,0,0,0,0,0,0,0,0,0,124,80,100,
2024-10-15 17:36:24,4.34375,4.56611,0.22236,0.347115,正常N,水样,0,0,0,0,0,0,0,0,0,0,125,80,100,
2024-10-15 17:38:46,4.32665,4.54831,0.221666,0.34648,正常N,水样,0,0,0,0,0,0,0,0,0,0,125,80,100,
2024-10-15 17:41:08,4.32364,4.5475,0.223856,0.34645,正常N,水样,0,0,0,0,0,0,0,0,0,0,125,80,100,
2024-10-15 17:43:30,4.33052,4.5553,0.224786,0.346729,正常N,水样,0,0,0,0,0,0,0,0,0,0,125,80,100,
2024-10-15 17:45:52,4.32778,4.55366,0.225881,0.346671,正常N,水样,0,0,0,0,0,0,0,0,0,0,125,80,100,
2024-10-15 17:48:15,4.33968,4.56501,0.225334,0.347076,正常N,水样,0,0,0,0,0,0,0,0,0,0,124,80,100,
2024-10-15 17:50:37,4.35575,4.57952,0.223773,0.347594,正常N,水样,0,0,0,0,0,0,0,0,0,0,124,80,100,
2024-10-15 17:52:59,4.36347,4.58733,0.223855,0.347872,正常N,水样,0,0,0,0,0,0,0,0,0,0,124,80,100,
2024-10-15 17:55:21,4.15044,4.37481,0.224367,0.340209,正常N,水样,0,0,0,0,0,0,0,0,0,0,124,80,100,
2024-10-15 17:57:43,4.14728,4.37062,0.223338,0.340056,正常N,水样,0,0,0,0,0,0,0,0,0,0,124,80,100,
2024-10-15 18:00:05,4.14183,4.36501,0.223177,0.339851,正常N,水样,0,0,0,0,0,0,0,0,0,0,124,80,100,
2024-10-15 18:02:27,4.12622,4.3496,0.223381,0.339288,正常N,水样,0,0,0,0,0,0,0,0,0,0,124,80,100,
2024-10-15 18:04:49,4.32267,4.54676,0.224086,0.346424,正常N,水样,0,0,0,0,0,0,0,0,0,0,124,80,100,
2024-10-15 18:07:11,4.3113,4.53497,0.223669,0.346002,正常N,水样,0,0,0,0,0,0,0,0,0,0,124,80,100,
2024-10-16 14:59:12,37.3261,37.5974,0.271255,0.934112,正常N,水样,0,0,0,0,0,0,0,0,0,0,485,80,100,
2024-10-16 15:07:35,37.7863,38.0621,0.275761,0.939515,正常N,水样,0,0,0,0,0,0,0,0,0,0,124,80,100,
2024-10-16 15:09:56,37.6375,37.8969,0.259415,0.937599,正常N,水样,0,0,0,0,0,0,0,0,0,0,125,80,100,
2024-10-16 15:12:18,37.7185,37.9785,0.26007,0.938547,正常N,水样,0,0,0,0,0,0,0,0,0,0,125,80,100,
2024-10-16 15:14:41,37.6216,37.8825,0.260901,0.937431,正常N,水样,0,0,0,0,0,0,0,0,0,0,124,80,100,
2024-10-16 15:20:07,12.6324,12.913,0.280669,0.565545,正常N,水样,0,0,0,0,0,0,0,0,0,0,484,80,100,
2024-10-16 15:28:29,21.7772,22.0645,0.287362,0.727304,正常N,水样,0,0,0,0,0,0,0,0,0,0,124,80,100,
2024-10-17 08:29:39,0.0247464,0.116062,0.0913152,0.574943,正常N,水样,0,0,0,0,0,0,0,0,0,0,485,80,100,
2024-10-17 08:37:59,0.0307774,0.122474,0.0916963,0.589645,正常N,水样,0,0,0,0,0,0,0,0,0,0,125,80,100,
2024-10-17 08:40:19,0.0337709,0.127703,0.0939326,0.601336,正常N,水样,0,0,0,0,0,0,0,0,0,0,124,80,100,
2024-10-17 08:42:39,0.0331269,0.125814,0.0926876,0.597143,正常N,水样,0,0,0,0,0,0,0,0,0,0,124,80,100,
2024-10-17 11:36:03,0.001,6.47439,6.47468,0.982448,正常N,水样,0,0,0,0,0,0,0,0,0,0,485,80,100,
2024-10-17 11:44:25,0.001,6.47439,6.47468,0.984269,正常N,水样,0,0,0,0,0,0,0,0,0,0,125,80,100,
2024-10-17 11:46:47,0.001,6.47439,6.47469,0.983008,正常N,水样,0,0,0,0,0,0,0,0,0,0,125,80,100,
2024-10-17 11:49:09,0.001,6.47439,6.47469,1.00385,正常N,水样,0,0,0,0,0,0,0,0,0,0,124,80,100,
2024-10-17 11:51:31,0.001,6.47439,6.47469,1.00356,正常N,水样,0,0,0,0,0,0,0,0,0,0,124,80,100,
2024-10-17 11:54:56,0.001,6.4744,6.47469,0.924213,正常N,水样,0,0,0,0,0,0,0,0,0,0,124,80,100,
2024-10-17 11:57:18,0.001,6.47439,6.47469,0.980571,正常N,水样,0,0,0,0,0,0,0,0,0,0,124,80,100,
2024-10-17 13:55:45,0.001,6.4745,6.47476,0.460964,正常N,水样,0,0,0,0,0,0,0,0,0,0,485,80,100,
2024-10-17 14:04:07,0.001,6.4745,6.47476,0.467669,正常N,水样,0,0,0,0,0,0,0,0,0,0,125,80,100,
2024-10-17 14:06:29,0.001,6.4745,6.47476,0.4662,正常N,水样,0,0,0,0,0,0,0,0,0,0,125,80,100,
2024-10-17 14:11:02,7.96519,8.15523,0.190046,0.46371,正常N,水样,0,0,0,0,0,0,0,0,0,0,485,80,100,
2024-10-17 14:19:25,8.04999,8.2346,0.184604,0.465878,正常N,水样,0,0,0,0,0,0,0,0,0,0,124,80,100,
2024-10-17 14:21:47,8.03033,8.21071,0.180387,0.465226,正常N,水样,0,0,0,0,0,0,0,0,0,0,124,80,100,
2024-10-17 14:24:09,8.05474,8.23235,0.177608,0.465816,正常N,水样,0,0,0,0,0,0,0,0,0,0,124,80,100,
2024-10-17 14:26:30,8.03478,8.2099,0.175114,0.465204,正常N,水样,0,0,0,0,0,0,0,0,0,0,125,80,100,
2024-10-17 14:42:29,10.1172,10.3559,0.238661,0.463016,正常N,水样,0,0,0,0,0,0,0,0,0,0,484,80,100,
2024-10-17 14:50:51,10.2926,10.538,0.245407,0.46692,正常N,水样,0,0,0,0,0,0,0,0,0,0,124,80,100,
2024-10-17 14:56:16,49.0343,49.7999,0.765616,0.986473,正常N,水样,0,0,0,0,0,0,0,0,0,0,484,80,100,
2024-10-17 15:04:36,48.6892,49.4572,0.767975,0.983198,正常N,水样,0,0,0,0,0,0,0,0,0,0,124,80,100,
2024-10-17 15:06:56,48.9073,49.6756,0.768283,0.985286,正常N,水样,0,0,0,0,0,0,0,0,0,0,124,80,100,
2024-10-17 16:15:04,50.684,51.5139,0.829873,9.31491,正常N,水样,0,0,0,0,0,0,0,0,0,0,484,80,100,
2024-10-18 08:41:22,7.63438,8.34832,0.713938,4.3141,正常N,水样,0,0,0,0,0,0,0,0,0,0,484,80,100,
2024-10-18 08:49:44,7.77819,8.4769,0.698711,4.3457,正常N,水样,0,0,0,0,0,0,0,0,0,0,124,80,100,
2024-10-21 18:14:31,0.0872359,0.201453,0.114218,0.64471,正常N,水样,0,0,0,0,0,0,0,0,0,0,485,80,100,
2024-10-21 18:22:51,0.0937406,0.207036,0.113295,0.653255,正常N,水样,0,0,0,0,0,0,0,0,0,0,124,80,100,
2024-10-21 18:25:11,0.0997954,0.212152,0.112356,0.660981,正常N,水样,0,0,0,0,0,0,0,0,0,0,124,80,100,
2024-10-21 18:27:31,0.0988061,0.212143,0.113337,0.660968,正常N,水样,0,0,0,0,0,0,0,0,0,0,124,80,100,
2024-10-21 18:29:51,0.101568,0.214085,0.112517,0.663876,正常N,水样,0,0,0,0,0,0,0,0,0,0,124,80,100,
2024-10-21 18:32:10,0.104118,0.214616,0.110498,0.664669,正常N,水样,0,0,0,0,0,0,0,0,0,0,124,80,100,
2024-10-21 18:34:30,0.104526,0.216056,0.111529,0.666813,正常N,水样,0,0,0,0,0,0,0,0,0,0,124,80,100,
2024-10-21 18:36:50,0.104169,0.217235,0.113066,0.668564,正常N,水样,0,0,0,0,0,0,0,0,0,0,124,80,100,
2024-10-21 18:39:10,0.103327,0.217002,0.113674,0.668218,正常N,水样,0,0,0,0,0,0,0,0,0,0,124,80,100,
2024-10-21 18:41:29,0.105749,0.218886,0.113137,0.671006,正常N,水样,0,0,0,0,0,0,0,0,0,0,125,80,100,
2024-10-21 18:43:49,0.10501,0.219078,0.114068,0.671289,正常N,水样,0,0,0,0,0,0,0,0,0,0,124,80,100,
2024-10-21 18:46:09,0.103342,0.219482,0.11614,0.671886,正常N,水样,0,0,0,0,0,0,0,0,0,0,124,80,100,
2024-10-21 18:48:29,0.102602,0.220497,0.117895,0.673381,正常N,水样,0,0,0,0,0,0,0,0,0,0,124,80,100,
2024-10-21 18:50:49,0.105364,0.220014,0.11465,0.672669,正常N,水样,0,0,0,0,0,0,0,0,0,0,124,80,100,
2024-10-21 18:53:08,0.106386,0.22167,0.115284,0.675104,正常N,水样,0,0,0,0,0,0,0,0,0,0,125,80,100,
2024-10-21 18:55:28,0.104105,0.220967,0.116862,0.674071,正常N,水样,0,0,0,0,0,0,0,0,0,0,124,80,100,
2024-10-21 18:57:48,0.102849,0.220664,0.117815,0.673626,正常N,水样,0,0,0,0,0,0,0,0,0,0,124,80,100,
2024-10-21 19:00:08,0.104398,0.221033,0.116635,0.674169,正常N,水样,0,0,0,0,0,0,0,0,0,0,124,80,100,
2024-10-21 19:02:28,0.102519,0.220003,0.117484,0.672653,正常N,水样,0,0,0,0,0,0,0,0,0,0,124,80,100,
2024-10-21 19:04:47,0.0978712,0.221884,0.124012,0.675417,正常N,水样,0,0,0,0,0,0,0,0,0,0,125,80,100,
2024-10-21 19:07:07,0.0956657,0.22138,0.125715,0.674679,正常N,水样,0,0,0,0,0,0,0,0,0,0,124,80,100,
2024-10-21 19:09:27,0.0981995,0.221343,0.123144,0.674624,正常N,水样,0,0,0,0,0,0,0,0,0,0,124,80,100,
2024-10-21 19:11:47,0.0998576,0.222591,0.122733,0.676453,正常N,水样,0,0,0,0,0,0,0,0,0,0,124,80,100,
2024-10-21 19:14:07,0.0991598,0.222493,0.123334,0.676311,正常N,水样,0,0,0,0,0,0,0,0,0,0,124,80,100,
2024-10-21 19:16:26,0.102816,0.222538,0.119722,0.676376,正常N,水样,0,0,0,0,0,0,0,0,0,0,125,80,100,
2024-10-21 19:18:46,0.0966282,0.221315,0.124687,0.674583,正常N,水样,0,0,0,0,0,0,0,0,0,0,124,80,100,
2024-10-21 19:21:06,0.0996643,0.221851,0.122186,0.675369,正常N,水样,0,0,0,0,0,0,0,0,0,0,124,80,100,
2024-10-21 19:23:26,0.0988886,0.221428,0.122539,0.674748,正常N,水样,0,0,0,0,0,0,0,0,0,0,124,80,100,
2024-10-21 19:25:46,0.101223,0.220248,0.119025,0.673015,正常N,水样,0,0,0,0,0,0,0,0,0,0,124,80,100,
2024-10-21 19:28:05,0.100526,0.221243,0.120717,0.674477,正常N,水样,0,0,0,0,0,0,0,0,0,0,125,80,100,
2024-10-21 19:30:25,0.102979,0.220829,0.11785,0.673868,正常N,水样,0,0,0,0,0,0,0,0,0,0,124,80,100,
2024-10-21 19:32:45,0.103406,0.221477,0.118072,0.674821,正常N,水样,0,0,0,0,0,0,0,0,0,0,124,80,100,
2024-10-21 19:35:05,0.102481,0.222071,0.11959,0.675692,正常N,水样,0,0,0,0,0,0,0,0,0,0,124,80,100,
2024-10-21 19:37:25,0.099986,0.220893,0.120907,0.673963,正常N,水样,0,0,0,0,0,0,0,0,0,0,124,80,100,
2024-10-22 16:26:44,0.0480337,0.122289,0.0742551,0.506919,正常N,水样,0,0,0,0,0,0,0,0,0,0,485,80,100,
2024-10-22 17:29:05,0.470406,0.599789,0.129382,1.09044,正常N,水样,0,0,0,0,0,0,0,0,0,0,485,80,100,
2024-10-22 17:37:25,0.473666,0.603973,0.130308,1.0941,正常N,水样,0,0,0,0,0,0,0,0,0,0,124,80,100,
2024-10-22 17:39:45,0.476215,0.606021,0.129806,1.09589,正常N,水样,0,0,0,0,0,0,0,0,0,0,124,80,100,
2024-10-22 17:43:10,0.747345,0.905499,0.158154,1.32976,正常N,水样,0,0,0,0,0,0,0,0,0,0,484,80,100,
2024-10-22 17:52:57,0.523057,0.638701,0.115645,1.12397,正常N,水样,0,0,0,0,0,0,0,0,0,0,484,80,100,
2024-10-22 18:01:17,0.522431,0.638419,0.115988,1.12373,正常N,水样,0,0,0,0,0,0,0,0,0,0,124,80,100,
2024-10-22 18:04:20,0.0598713,0.149241,0.0893699,0.557964,正常N,水样,0,0,0,0,0,0,0,0,0,0,485,80,100,
2024-10-23 08:52:42,0.453901,0.619022,0.165121,1.10715,正常N,水样,0,0,0,0,0,0,0,0,0,0,485,80,100,
2024-10-23 09:01:02,0.452528,0.619254,0.166726,1.10735,正常N,水样,0,0,0,0,0,0,0,0,0,0,124,80,100,
2024-10-23 09:03:22,0.452399,0.619737,0.167338,1.10777,正常N,水样,0,0,0,0,0,0,0,0,0,0,124,80,100,
2024-10-23 09:07:33,0.750347,0.92718,0.176833,1.345,正常N,水样,0,0,0,0,0,0,0,0,0,0,485,80,100,
2024-10-23 09:15:54,0.746148,0.925623,0.179476,1.34392,正常N,水样,0,0,0,0,0,0,0,0,0,0,124,80,100,
2024-10-23 09:18:14,0.752814,0.929944,0.17713,1.34693,正常N,水样,0,0,0,0,0,0,0,0,0,0,124,80,100,
2024-10-23 09:20:56,0.301471,0.483423,0.181953,0.98284,正常N,水样,0,0,0,0,0,0,0,0,0,0,484,80,100,
2024-10-23 09:29:16,0.298704,0.478426,0.179723,0.977933,正常N,水样,0,0,0,0,0,0,0,0,0,0,124,80,100,
2024-10-23 09:32:23,0.0414715,0.170958,0.129487,0.595699,正常N,水样,0,0,0,0,0,0,0,0,0,0,485,80,100,
2024-10-23 09:40:43,0.0415467,0.172093,0.130547,0.597601,正常N,水样,0,0,0,0,0,0,0,0,0,0,125,80,100,
2024-10-23 09:43:03,0.0436297,0.173809,0.130179,0.600464,正常N,水样,0,0,0,0,0,0,0,0,0,0,125,80,100,
2024-10-23 09:45:23,0.0461518,0.176898,0.130746,0.605581,正常N,水样,0,0,0,0,0,0,0,0,0,0,124,80,100,
2024-10-23 09:47:43,0.0432171,0.174456,0.131239,0.601539,正常N,水样,0,0,0,0,0,0,0,0,0,0,124,80,100,
2024-10-23 09:50:43,0.505109,0.642374,0.137265,1.12708,正常N,水样,0,0,0,0,0,0,0,0,0,0,484,80,100,
2024-10-23 09:59:03,0.4959,0.634585,0.138686,1.12047,正常N,水样,0,0,0,0,0,0,0,0,0,0,124,80,100,
2024-10-23 10:01:23,0.496697,0.638256,0.141559,1.12359,正常N,水样,0,0,0,0,0,0,0,0,0,0,124,80,100,
2024-10-23 10:14:58,0.0322032,0.0614335,0.0292303,0.363849,正常N,水样,0,0,0,0,0,0,0,0,0,0,484,80,100,
2024-10-23 10:23:18,0.0319704,0.0622068,0.0302364,0.366048,正常N,水样,0,0,0,0,0,0,0,0,0,0,124,80,100,
2024-10-23 10:25:38,0.0386214,0.0684946,0.0298732,0.383426,正常N,水样,0,0,0,0,0,0,0,0,0,0,124,80,100,
2024-10-23 10:27:58,0.0401259,0.0699999,0.029874,0.387462,正常N,水样,0,0,0,0,0,0,0,0,0,0,124,80,100,
2024-10-23 10:32:52,0.657408,0.770136,0.112728,1.22999,正常N,水样,0,0,0,0,0,0,0,0,0,0,485,80,100,
2024-10-23 10:41:12,0.656928,0.771736,0.114808,1.23122,正常N,水样,0,0,0,0,0,0,0,0,0,0,125,80,100,
2024-10-23 10:43:32,0.674529,0.791462,0.116933,1.24628,正常N,水样,0,0,0,0,0,0,0,0,0,0,124,80,100,
2024-10-23 10:45:52,0.691678,0.810254,0.118577,1.26045,正常N,水样,0,0,0,0,0,0,0,0,0,0,124,80,100,
2024-10-23 10:48:12,0.69981,0.819951,0.120141,1.26769,正常N,水样,0,0,0,0,0,0,0,0,0,0,124,80,100,
2024-10-23 10:50:32,0.711127,0.831854,0.120727,1.27652,正常N,水样,0,0,0,0,0,0,0,0,0,0,124,80,100,
2024-10-23 10:52:51,0.696661,0.818283,0.121622,1.26645,正常N,水样,0,0,0,0,0,0,0,0,0,0,125,80,100,
2024-10-23 13:50:49,0.494909,0.660228,0.165319,1.14206,正常N,水样,0,0,0,0,0,0,0,0,0,0,485,80,100,
2024-10-23 13:59:09,0.489596,0.656085,0.166489,1.1386,正常N,水样,0,0,0,0,0,0,0,0,0,0,124,80,100,
2024-10-23 14:01:29,0.499094,0.666289,0.167195,1.1471,正常N,水样,0,0,0,0,0,0,0,0,0,0,124,80,100,
2024-10-23 14:03:49,0.474002,0.64179,0.167787,1.12658,正常N,水样,0,0,0,0,0,0,0,0,0,0,124,80,100,
2024-10-23 14:06:09,0.471458,0.639315,0.167857,1.12449,正常N,水样,0,0,0,0,0,0,0,0,0,0,124,80,100,
2024-10-23 14:09:34,0.45029,0.628617,0.178327,1.11538,正常N,水样,0,0,0,0,0,0,0,0,0,0,125,80,100,
2024-10-23 14:11:54,0.491828,0.661582,0.169754,1.14319,正常N,水样,0,0,0,0,0,0,0,0,0,0,125,80,100,
2024-10-23 14:15:22,0.257557,0.382724,0.125167,0.878251,正常N,水样,0,0,0,0,0,0,0,0,0,0,484,80,100,
2024-10-23 14:23:42,0.255503,0.382982,0.127479,0.878536,正常N,水样,0,0,0,0,0,0,0,0,0,0,124,80,100,
2024-10-23 14:26:02,0.258631,0.38755,0.128919,0.883568,正常N,水样,0,0,0,0,0,0,0,0,0,0,124,80,100,
2024-10-23 14:28:22,0.262942,0.39215,0.129208,0.888604,正常N,水样,0,0,0,0,0,0,0,0,0,0,124,80,100,
2024-10-23 14:32:14,0.0158222,0.0505554,0.0347332,0.331247,正常N,水样,0,0,0,0,0,0,0,0,0,0,485,80,100,
2024-10-23 14:40:34,0.0145423,0.0515691,0.0370267,0.334429,正常N,水样,0,0,0,0,0,0,0,0,0,0,126,80,100,
2024-10-23 14:42:56,0.0139877,0.0523374,0.0383496,0.33682,正常N,水样,0,0,0,0,0,0,0,0,0,0,124,80,100,
2024-10-23 14:45:16,0.0178953,0.0558169,0.0379216,0.347427,正常N,水样,0,0,0,0,0,0,0,0,0,0,124,80,100,
2024-10-23 14:47:35,0.0182217,0.0559933,0.0377715,0.347955,正常N,水样,0,0,0,0,0,0,0,0,0,0,125,80,100,
2024-10-23 14:49:55,0.0137051,0.0521399,0.0384348,0.336207,正常N,水样,0,0,0,0,0,0,0,0,0,0,124,80,100,
2024-10-23 14:52:15,0.01498,0.0543201,0.0393401,0.342907,正常N,水样,0,0,0,0,0,0,0,0,0,0,124,80,100,
2024-10-23 14:54:35,0.0214506,0.0600509,0.0386003,0.359881,正常N,水样,0,0,0,0,0,0,0,0,0,0,124,80,100,
2024-10-23 16:40:04,0.505512,0.714489,0.208977,1.18634,正常N,水样,0,0,0,0,0,0,0,0,0,0,485,80,100,
2024-10-23 16:48:24,0.503725,0.714417,0.210692,1.18629,正常N,水样,0,0,0,0,0,0,0,0,0,0,124,80,100,
2024-10-24 11:14:35,0.0197868,0.14993,0.130143,0.559204,正常N,水样,0,0,0,0,0,0,0,0,0,0,485,80,100,
2024-10-24 11:22:58,0.0218081,0.151684,0.129875,0.562344,正常N,水样,0,0,0,0,0,0,0,0,0,0,124,80,100,
2024-10-24 11:25:20,0.0215232,0.151424,0.129901,0.56188,正常N,水样,0,0,0,0,0,0,0,0,0,0,124,80,100,
2024-10-24 11:27:42,0.0239771,0.154503,0.130526,0.567355,正常N,水样,0,0,0,0,0,0,0,0,0,0,124,80,100,
2024-10-24 11:30:04,0.0242531,0.155366,0.131113,0.56888,正常N,水样,0,0,0,0,0,0,0,0,0,0,124,80,100,
2024-10-24 11:32:26,0.0241784,0.155902,0.131723,0.569824,正常N,水样,0,0,0,0,0,0,0,0,0,0,124,80,100,
2024-10-24 11:34:47,0.0331474,0.164634,0.131486,0.58498,正常N,水样,0,0,0,0,0,0,0,0,0,0,125,80,100,
2024-10-24 11:37:09,0.0355931,0.166374,0.130781,0.587951,正常N,水样,0,0,0,0,0,0,0,0,0,0,125,80,100,
2024-10-24 11:39:31,0.040182,0.17069,0.130508,0.59525,正常N,水样,0,0,0,0,0,0,0,0,0,0,125,80,100,
2024-10-24 11:41:53,0.0351923,0.166117,0.130924,0.587512,正常N,水样,0,0,0,0,0,0,0,0,0,0,125,80,100,
2024-10-24 11:44:15,0.033077,0.165879,0.132802,0.587108,正常N,水样,0,0,0,0,0,0,0,0,0,0,124,80,100,
2024-10-24 11:46:37,0.0332457,0.167505,0.134259,0.589872,正常N,水样,0,0,0,0,0,0,0,0,0,0,124,80,100,
2024-10-24 11:48:59,0.0294388,0.167967,0.138529,0.590656,正常N,水样,0,0,0,0,0,0,0,0,0,0,124,80,100,
2024-10-24 11:51:21,0.0266507,0.17219,0.14554,0.597764,正常N,水样,0,0,0,0,0,0,0,0,0,0,124,80,100,
2024-10-24 11:53:43,0.0183187,0.168951,0.150632,0.59232,正常N,水样,0,0,0,0,0,0,0,0,0,0,124,80,100,
2024-10-24 11:56:05,0.0209314,0.175216,0.154285,0.6028,正常N,水样,0,0,0,0,0,0,0,0,0,0,124,80,100,
2024-10-24 11:58:27,0.0248119,0.18167,0.156858,0.613396,正常N,水样,0,0,0,0,0,0,0,0,0,0,124,80,100,
2024-10-24 12:00:49,0.0243775,0.184252,0.159874,0.617579,正常N,水样,0,0,0,0,0,0,0,0,0,0,124,80,100,
2024-10-24 12:03:11,0.0263047,0.187618,0.161313,0.622989,正常N,水样,0,0,0,0,0,0,0,0,0,0,124,80,100,
2024-10-24 12:05:33,0.025614,0.188736,0.163122,0.624774,正常N,水样,0,0,0,0,0,0,0,0,0,0,124,80,100,
2024-10-24 12:07:54,0.0264345,0.19171,0.165276,0.629497,正常N,水样,0,0,0,0,0,0,0,0,0,0,125,80,100,
2024-10-24 12:10:16,0.0288886,0.193444,0.164555,0.632234,正常N,水样,0,0,0,0,0,0,0,0,0,0,125,80,100,
2024-10-24 12:12:38,0.0290864,0.193727,0.16464,0.632678,正常N,水样,0,0,0,0,0,0,0,0,0,0,125,80,100,
2024-10-24 12:15:00,0.0293669,0.194944,0.165577,0.63459,正常N,水样,0,0,0,0,0,0,0,0,0,0,125,80,100,
2024-10-24 12:17:22,0.0270741,0.193827,0.166753,0.632836,正常N,水样,0,0,0,0,0,0,0,0,0,0,124,80,100,
2024-10-24 12:19:44,0.0277043,0.195187,0.167483,0.634971,正常N,水样,0,0,0,0,0,0,0,0,0,0,124,80,100,
2024-10-24 12:22:06,0.0263652,0.196156,0.169791,0.636487,正常N,水样,0,0,0,0,0,0,0,0,0,0,124,80,100,
2024-10-24 12:24:28,0.0233115,0.197548,0.174236,0.638659,正常N,水样,0,0,0,0,0,0,0,0,0,0,124,80,100,
2024-10-24 12:26:50,0.0256035,0.201658,0.176055,0.645026,正常N,水样,0,0,0,0,0,0,0,0,0,0,124,80,100,
2024-10-24 12:29:12,0.0259663,0.203945,0.177979,0.648539,正常N,水样,0,0,0,0,0,0,0,0,0,0,124,80,100,
2024-10-24 12:31:34,0.0340851,0.206987,0.172902,0.65318,正常N,水样,0,0,0,0,0,0,0,0,0,0,124,80,100,
2024-10-24 12:33:56,0.0271168,0.209854,0.182737,0.657523,正常N,水样,0,0,0,0,0,0,0,0,0,0,124,80,100,
2024-10-24 12:36:18,0.0394118,0.21665,0.177238,0.667696,正常N,水样,0,0,0,0,0,0,0,0,0,0,124,80,100,
2024-10-24 12:38:39,0.0387054,0.216655,0.17795,0.667703,正常N,水样,0,0,0,0,0,0,0,0,0,0,125,80,100,
2024-10-24 12:41:01,0.0380199,0.217312,0.179293,0.668678,正常N,水样,0,0,0,0,0,0,0,0,0,0,125,80,100,
2024-10-24 12:43:23,0.0383877,0.218269,0.179881,0.670095,正常N,水样,0,0,0,0,0,0,0,0,0,0,124,80,100,
2024-10-24 12:45:45,0.0398103,0.218922,0.179112,0.67106,正常N,水样,0,0,0,0,0,0,0,0,0,0,124,80,100,
2024-10-24 12:49:12,0.0498599,0.22151,0.17165,0.674869,正常N,水样,0,0,0,0,0,0,0,0,0,0,125,80,100,
2024-10-24 12:51:34,0.0472828,0.206714,0.159431,0.652766,正常N,水样,0,0,0,0,0,0,0,0,0,0,124,80,100,
2024-10-24 12:53:56,0.307564,0.469954,0.16239,0.969553,正常N,水样,0,0,0,0,0,0,0,0,0,0,125,80,100,
2024-10-24 12:56:18,0.0616254,0.220716,0.159091,0.673703,正常N,水样,0,0,0,0,0,0,0,0,0,0,124,80,100,
2024-10-24 12:58:40,0.0420138,0.204211,0.162198,0.648947,正常N,水样,0,0,0,0,0,0,0,0,0,0,124,80,100,
2024-10-24 13:01:02,0.0371891,0.196963,0.159774,0.637748,正常N,水样,0,0,0,0,0,0,0,0,0,0,124,80,100,
2024-10-24 13:03:24,0.0352866,0.192142,0.156856,0.63018,正常N,水样,0,0,0,0,0,0,0,0,0,0,124,80,100,
2024-10-24 13:05:46,0.0325472,0.187075,0.154527,0.622119,正常N,水样,0,0,0,0,0,0,0,0,0,0,124,80,100,
2024-10-24 13:08:08,0.0313619,0.18369,0.152328,0.616671,正常N,水样,0,0,0,0,0,0,0,0,0,0,124,80,100,
2024-10-24 13:10:30,0.029316,0.180562,0.151246,0.611591,正常N,水样,0,0,0,0,0,0,0,0,0,0,124,80,100,
2024-10-24 13:12:52,0.0282328,0.178539,0.150307,0.608281,正常N,水样,0,0,0,0,0,0,0,0,0,0,124,80,100,
2024-10-24 13:15:14,0.0269869,0.177185,0.150198,0.606054,正常N,水样,0,0,0,0,0,0,0,0,0,0,124,80,100,
2024-10-24 13:17:36,0.0258503,0.176436,0.150586,0.604819,正常N,水样,0,0,0,0,0,0,0,0,0,0,124,80,100,
2024-10-24 13:19:57,0.0260309,0.17711,0.151079,0.60593,正常N,水样,0,0,0,0,0,0,0,0,0,0,125,80,100,
2024-10-24 13:22:19,0.0245623,0.176428,0.151866,0.604806,正常N,水样,0,0,0,0,0,0,0,0,0,0,125,80,100,
2024-10-24 13:24:41,0.0326323,0.185443,0.152811,0.6195,正常N,水样,0,0,0,0,0,0,0,0,0,0,125,80,100,
2024-10-24 13:27:03,0.0339363,0.187044,0.153108,0.62207,正常N,水样,0,0,0,0,0,0,0,0,0,0,125,80,100,
2024-10-24 13:29:26,0.0353041,0.186876,0.151572,0.621801,正常N,水样,0,0,0,0,0,0,0,0,0,0,124,80,100,
2024-10-24 13:31:48,0.0382989,0.187942,0.149643,0.623506,正常N,水样,0,0,0,0,0,0,0,0,0,0,124,80,100,
2024-10-24 13:34:10,0.0379939,0.184953,0.146959,0.61871,正常N,水样,0,0,0,0,0,0,0,0,0,0,124,80,100,
2024-10-24 13:36:31,0.0372426,0.183622,0.14638,0.616562,正常N,水样,0,0,0,0,0,0,0,0,0,0,125,80,100,
2024-10-24 13:38:53,0.0337582,0.180636,0.146878,0.611712,正常N,水样,0,0,0,0,0,0,0,0,0,0,125,80,100,
2024-10-24 13:41:15,0.0331652,0.180657,0.147491,0.611745,正常N,水样,0,0,0,0,0,0,0,0,0,0,125,80,100,
2024-10-24 13:43:37,0.0344973,0.181827,0.14733,0.613651,正常N,水样,0,0,0,0,0,0,0,0,0,0,125,80,100,
2024-10-24 13:45:59,0.0326208,0.179707,0.147087,0.610195,正常N,水样,0,0,0,0,0,0,0,0,0,0,125,80,100,
2024-10-24 13:48:21,0.0328292,0.18047,0.147641,0.611441,正常N,水样,0,0,0,0,0,0,0,0,0,0,125,80,100,
2024-10-24 13:50:43,0.0327978,0.179946,0.147149,0.610585,正常N,水样,0,0,0,0,0,0,0,0,0,0,124,80,100,
2024-10-24 13:53:05,0.032608,0.18022,0.147612,0.611032,正常N,水样,0,0,0,0,0,0,0,0,0,0,124,80,100,
2024-10-24 13:55:27,0.0342919,0.182286,0.147994,0.614396,正常N,水样,0,0,0,0,0,0,0,0,0,0,125,80,100,
2024-10-24 13:57:49,0.0343557,0.182193,0.147838,0.614246,正常N,水样,0,0,0,0,0,0,0,0,0,0,125,80,100,
2024-10-24 14:00:11,0.0377356,0.185816,0.14808,0.620099,正常N,水样,0,0,0,0,0,0,0,0,0,0,125,80,100,
2024-10-24 14:02:33,0.0368608,0.185318,0.148457,0.619298,正常N,水样,0,0,0,0,0,0,0,0,0,0,124,80,100,
2024-10-24 14:04:55,0.0394183,0.186666,0.147248,0.621465,正常N,水样,0,0,0,0,0,0,0,0,0,0,124,80,100,
2024-10-24 14:07:17,0.0392745,0.186714,0.14744,0.621542,正常N,水样,0,0,0,0,0,0,0,0,0,0,124,80,100,
2024-10-24 14:09:39,0.0366526,0.184729,0.148076,0.618349,正常N,水样,0,0,0,0,0,0,0,0,0,0,124,80,100,
2024-10-24 14:12:01,0.0392851,0.186298,0.147012,0.620873,正常N,水样,0,0,0,0,0,0,0,0,0,0,124,80,100,
2024-10-24 14:14:23,0.0377786,0.184851,0.147073,0.618546,正常N,水样,0,0,0,0,0,0,0,0,0,0,124,80,100,
2024-10-24 14:16:45,0.0383164,0.18591,0.147594,0.620251,正常N,水样,0,0,0,0,0,0,0,0,0,0,124,80,100,
2024-10-24 14:19:07,0.0382022,0.18661,0.148408,0.621375,正常N,水样,0,0,0,0,0,0,0,0,0,0,124,80,100,
2024-10-24 14:21:29,0.0377048,0.185943,0.148239,0.620304,正常N,水样,0,0,0,0,0,0,0,0,0,0,124,80,100,
2024-10-24 14:23:51,0.0391402,0.187892,0.148752,0.623427,正常N,水样,0,0,0,0,0,0,0,0,0,0,124,80,100,
2024-10-24 14:26:13,0.0365637,0.186438,0.149875,0.621099,正常N,水样,0,0,0,0,0,0,0,0,0,0,124,80,100,
2024-10-24 14:28:35,0.0388055,0.188383,0.149577,0.624211,正常N,水样,0,0,0,0,0,0,0,0,0,0,125,80,100,
2024-10-24 14:30:57,0.0427958,0.192455,0.149659,0.630674,正常N,水样,0,0,0,0,0,0,0,0,0,0,125,80,100,
2024-10-24 14:33:19,0.038265,0.188623,0.150358,0.624595,正常N,水样,0,0,0,0,0,0,0,0,0,0,125,80,100,
2024-10-24 14:35:42,0.0393737,0.191214,0.151841,0.628713,正常N,水样,0,0,0,0,0,0,0,0,0,0,124,80,100,
2024-10-24 14:38:04,0.0365881,0.187873,0.151285,0.623397,正常N,水样,0,0,0,0,0,0,0,0,0,0,124,80,100,
2024-10-24 14:40:26,0.0369409,0.188761,0.15182,0.624815,正常N,水样,0,0,0,0,0,0,0,0,0,0,126,80,100,
2024-10-24 14:42:50,0.0362552,0.188921,0.152666,0.62507,正常N,水样,0,0,0,0,0,0,0,0,0,0,124,80,100,
2024-10-24 14:45:12,0.038639,0.190826,0.152187,0.628097,正常N,水样,0,0,0,0,0,0,0,0,0,0,124,80,100,
2024-10-24 14:47:34,0.0386255,0.190558,0.151932,0.627672,正常N,水样,0,0,0,0,0,0,0,0,0,0,124,80,100,
2024-10-24 14:49:56,0.0355279,0.187961,0.152433,0.623537,正常N,水样,0,0,0,0,0,0,0,0,0,0,124,80,100,
2024-10-24 14:52:18,0.0302297,0.188189,0.157959,0.623902,正常N,水样,0,0,0,0,0,0,0,0,0,0,124,80,100,
2024-10-24 14:54:40,0.0320848,0.189261,0.157176,0.62561,正常N,水样,0,0,0,0,0,0,0,0,0,0,124,80,100,
2024-10-24 14:57:02,0.0334111,0.189655,0.156244,0.626237,正常N,水样,0,0,0,0,0,0,0,0,0,0,124,80,100,
2024-10-24 14:59:24,0.0312899,0.188019,0.156729,0.62363,正常N,水样,0,0,0,0,0,0,0,0,0,0,124,80,100,
2024-10-24 15:01:46,0.0285917,0.186215,0.157623,0.62074,正常N,水样,0,0,0,0,0,0,0,0,0,0,124,80,100,
2024-10-24 15:04:08,0.028898,0.187893,0.158995,0.623428,正常N,水样,0,0,0,0,0,0,0,0,0,0,125,80,100,
2024-10-24 15:06:30,0.0307364,0.188717,0.15798,0.624743,正常N,水样,0,0,0,0,0,0,0,0,0,0,125,80,100,
2024-10-24 15:08:52,0.0296012,0.188492,0.15889,0.624384,正常N,水样,0,0,0,0,0,0,0,0,0,0,125,80,100,
2024-10-24 15:11:14,0.0296027,0.190945,0.161342,0.628285,正常N,水样,0,0,0,0,0,0,0,0,0,0,125,80,100,
2024-10-24 15:13:36,0.0274716,0.190384,0.162912,0.627396,正常N,水样,0,0,0,0,0,0,0,0,0,0,125,80,100,
2024-10-24 15:15:58,0.032119,0.195397,0.163278,0.6353,正常N,水样,0,0,0,0,0,0,0,0,0,0,125,80,100,
2024-10-24 15:18:21,0.0311671,0.19622,0.165053,0.636588,正常N,水样,0,0,0,0,0,0,0,0,0,0,124,80,100,
2024-10-24 15:20:43,0.0317901,0.197095,0.165305,0.637953,正常N,水样,0,0,0,0,0,0,0,0,0,0,124,80,100,
2024-10-24 15:23:05,0.0363609,0.200091,0.16373,0.642606,正常N,水样,0,0,0,0,0,0,0,0,0,0,124,80,100,
2024-10-24 15:25:27,0.0325675,0.195618,0.163051,0.635647,正常N,水样,0,0,0,0,0,0,0,0,0,0,124,80,100,
2024-10-24 15:27:49,0.0319024,0.19484,0.162938,0.634427,正常N,水样,0,0,0,0,0,0,0,0,0,0,124,80,100,
2024-10-24 15:30:11,0.029907,0.193142,0.163235,0.631758,正常N,水样,0,0,0,0,0,0,0,0,0,0,125,80,100,
2024-10-24 15:32:33,0.0315289,0.194207,0.162678,0.633433,正常N,水样,0,0,0,0,0,0,0,0,0,0,125,80,100,
2024-10-24 15:34:56,0.0322253,0.194604,0.162379,0.634057,正常N,水样,0,0,0,0,0,0,0,0,0,0,124,80,100,
2024-10-24 15:37:18,0.0298889,0.193273,0.163384,0.631964,正常N,水样,0,0,0,0,0,0,0,0,0,0,124,80,100,
2024-10-24 15:39:40,0.0327045,0.195331,0.162626,0.635197,正常N,水样,0,0,0,0,0,0,0,0,0,0,124,80,100,
2024-10-24 15:42:02,0.030005,0.192858,0.162853,0.63131,正常N,水样,0,0,0,0,0,0,0,0,0,0,124,80,100,
2024-10-24 15:45:29,0.0540051,0.226978,0.172973,0.682844,正常N,水样,0,0,0,0,0,0,0,0,0,0,124,80,100,
2024-10-24 15:47:51,0.0578469,0.221455,0.163608,0.674789,正常N,水样,0,0,0,0,0,0,0,0,0,0,124,80,100,
2024-10-24 15:50:13,0.287456,0.451022,0.163566,0.950538,正常N,水样,0,0,0,0,0,0,0,0,0,0,124,80,100,
2024-10-24 15:52:35,0.0704417,0.231265,0.160823,0.689025,正常N,水样,0,0,0,0,0,0,0,0,0,0,124,80,100,
2024-10-24 15:54:57,0.037001,0.197861,0.16086,0.639146,正常N,水样,0,0,0,0,0,0,0,0,0,0,124,80,100,
2024-10-24 15:57:19,0.0321751,0.193359,0.161183,0.632099,正常N,水样,0,0,0,0,0,0,0,0,0,0,124,80,100,
2024-10-24 15:59:41,0.0317911,0.193768,0.161977,0.632743,正常N,水样,0,0,0,0,0,0,0,0,0,0,125,80,100,
2024-10-24 16:02:03,0.031099,0.19257,0.161471,0.630856,正常N,水样,0,0,0,0,0,0,0,0,0,0,125,80,100,
2024-10-24 16:04:25,0.0296571,0.191797,0.16214,0.629635,正常N,水样,0,0,0,0,0,0,0,0,0,0,125,80,100,
2024-10-24 16:06:48,0.0293088,0.192742,0.163433,0.631127,正常N,水样,0,0,0,0,0,0,0,0,0,0,124,80,100,
2024-10-24 16:09:10,0.0283602,0.192004,0.163644,0.629962,正常N,水样,0,0,0,0,0,0,0,0,0,0,124,80,100,
2024-10-24 16:11:32,0.0291682,0.193878,0.16471,0.632916,正常N,水样,0,0,0,0,0,0,0,0,0,0,124,80,100,
2024-10-24 16:13:54,0.0273138,0.193434,0.16612,0.632218,正常N,水样,0,0,0,0,0,0,0,0,0,0,124,80,100,
2024-10-24 16:16:16,0.028596,0.194745,0.166149,0.634279,正常N,水样,0,0,0,0,0,0,0,0,0,0,124,80,100,
2024-10-24 16:18:38,0.0297176,0.195164,0.165446,0.634935,正常N,水样,0,0,0,0,0,0,0,0,0,0,124,80,100,
2024-10-24 16:21:00,0.0297222,0.194839,0.165117,0.634426,正常N,水样,0,0,0,0,0,0,0,0,0,0,124,80,100,
2024-10-24 16:23:22,0.0303673,0.195699,0.165332,0.635773,正常N,水样,0,0,0,0,0,0,0,0,0,0,124,80,100,
2024-10-24 16:25:44,0.0291296,0.194434,0.165305,0.633791,正常N,水样,0,0,0,0,0,0,0,0,0,0,124,80,100,
2024-10-24 16:28:06,0.0290136,0.195237,0.166224,0.63505,正常N,水样,0,0,0,0,0,0,0,0,0,0,124,80,100,
2024-10-24 16:30:28,0.0297306,0.194697,0.164966,0.634203,正常N,水样,0,0,0,0,0,0,0,0,0,0,124,80,100,
2024-10-24 16:32:50,0.0283016,0.194365,0.166063,0.633681,正常N,水样,0,0,0,0,0,0,0,0,0,0,124,80,100,
2024-10-24 16:35:12,0.031181,0.197098,0.165917,0.637958,正常N,水样,0,0,0,0,0,0,0,0,0,0,124,80,100,
2024-10-24 16:37:34,0.0285861,0.195679,0.167093,0.635742,正常N,水样,0,0,0,0,0,0,0,0,0,0,124,80,100,
2024-10-24 16:39:56,0.0325545,0.197734,0.16518,0.638949,正常N,水样,0,0,0,0,0,0,0,0,0,0,125,80,100,
2024-10-24 16:42:18,0.0344195,0.197262,0.162842,0.638214,正常N,水样,0,0,0,0,0,0,0,0,0,0,125,80,100,
2024-10-24 16:44:41,0.0354145,0.196064,0.16065,0.636344,正常N,水样,0,0,0,0,0,0,0,0,0,0,124,80,100,
2024-10-24 16:47:02,0.0399156,0.193262,0.153347,0.631947,正常N,水样,0,0,0,0,0,0,0,0,0,0,125,80,100,
2024-10-24 16:49:25,0.0389012,0.191114,0.152213,0.628553,正常N,水样,0,0,0,0,0,0,0,0,0,0,124,80,100,
2024-10-24 16:51:47,0.038496,0.19091,0.152414,0.628231,正常N,水样,0,0,0,0,0,0,0,0,0,0,124,80,100,
2024-10-24 16:54:09,0.0362761,0.189448,0.153172,0.625909,正常N,水样,0,0,0,0,0,0,0,0,0,0,124,80,100,
2024-10-24 16:56:31,0.0382613,0.190689,0.152428,0.627881,正常N,水样,0,0,0,0,0,0,0,0,0,0,124,80,100,
2024-10-24 16:58:53,0.038936,0.193956,0.15502,0.633039,正常N,水样,0,0,0,0,0,0,0,0,0,0,124,80,100,
2024-10-24 17:01:15,0.0365096,0.194088,0.157578,0.633247,正常N,水样,0,0,0,0,0,0,0,0,0,0,124,80,100,
2024-10-24 17:03:37,0.0364157,0.197794,0.161378,0.639042,正常N,水样,0,0,0,0,0,0,0,0,0,0,124,80,100,
2024-10-24 17:05:59,0.0331798,0.198819,0.165639,0.640635,正常N,水样,0,0,0,0,0,0,0,0,0,0,124,80,100,
2024-10-24 17:08:21,0.0338883,0.200818,0.16693,0.64373,正常N,水样,0,0,0,0,0,0,0,0,0,0,124,80,100,
2024-10-24 17:10:43,0.0371328,0.203673,0.16654,0.648122,正常N,水样,0,0,0,0,0,0,0,0,0,0,124,80,100,
2024-10-24 17:13:05,0.0403501,0.204367,0.164016,0.649184,正常N,水样,0,0,0,0,0,0,0,0,0,0,124,80,100,
2024-10-24 17:15:27,0.0439404,0.206201,0.162261,0.651985,正常N,水样,0,0,0,0,0,0,0,0,0,0,124,80,100,
2024-10-24 17:17:49,0.0381531,0.20065,0.162497,0.643471,正常N,水样,0,0,0,0,0,0,0,0,0,0,124,80,100,
2024-10-24 17:20:11,0.0399861,0.202337,0.162351,0.646071,正常N,水样,0,0,0,0,0,0,0,0,0,0,124,80,100,
2024-10-24 17:22:33,0.0391495,0.205242,0.166092,0.650522,正常N,水样,0,0,0,0,0,0,0,0,0,0,124,80,100,
2024-10-24 17:24:55,0.0277196,0.200183,0.172464,0.642749,正常N,水样,0,0,0,0,0,0,0,0,0,0,124,80,100,
2024-10-24 17:27:17,0.0249124,0.201023,0.17611,0.644046,正常N,水样,0,0,0,0,0,0,0,0,0,0,124,80,100,
2024-10-24 17:29:39,0.0284599,0.206913,0.178453,0.653068,正常N,水样,0,0,0,0,0,0,0,0,0,0,124,80,100,
2024-10-24 17:32:01,0.0318996,0.210631,0.178732,0.658695,正常N,水样,0,0,0,0,0,0,0,0,0,0,124,80,100,
2024-10-24 17:34:23,0.0352998,0.212878,0.177579,0.662071,正常N,水样,0,0,0,0,0,0,0,0,0,0,124,80,100,
2024-10-24 17:36:45,0.040255,0.21762,0.177365,0.669134,正常N,水样,0,0,0,0,0,0,0,0,0,0,125,80,100,
2024-10-24 17:39:07,0.0379654,0.215515,0.17755,0.666008,正常N,水样,0,0,0,0,0,0,0,0,0,0,125,80,100,
2024-10-24 17:41:29,0.0382738,0.215194,0.17692,0.66553,正常N,水样,0,0,0,0,0,0,0,0,0,0,125,80,100,
2024-10-24 17:43:51,0.03927,0.21656,0.17729,0.667562,正常N,水样,0,0,0,0,0,0,0,0,0,0,125,80,100,
2024-10-24 17:46:13,0.0390366,0.214085,0.175048,0.663876,正常N,水样,0,0,0,0,0,0,0,0,0,0,125,80,100,
2024-10-24 17:48:36,0.0446725,0.216039,0.171367,0.666788,正常N,水样,0,0,0,0,0,0,0,0,0,0,124,80,100,
2024-10-24 17:50:58,0.0435387,0.211369,0.16783,0.659806,正常N,水样,0,0,0,0,0,0,0,0,0,0,124,80,100,
2024-10-24 17:53:20,0.0439201,0.210251,0.16633,0.658122,正常N,水样,0,0,0,0,0,0,0,0,0,0,124,80,100,
2024-10-24 17:55:42,0.0439167,0.210433,0.166516,0.658396,正常N,水样,0,0,0,0,0,0,0,0,0,0,124,80,100,
2024-10-24 17:58:04,0.0408739,0.208591,0.167717,0.655614,正常N,水样,0,0,0,0,0,0,0,0,0,0,124,80,100,
2024-10-24 18:00:26,0.0369691,0.209571,0.172601,0.657095,正常N,水样,0,0,0,0,0,0,0,0,0,0,124,80,100,
